id	origin	content	label
eba94545-0896-4829-af38-e24a4a051516	pudelek	Od kilku tygodni się nie rozstają	1
57e05749-f7ab-44ac-bd09-3c8ecea06135	wikinews	Mundial 2006: Brazylia 3-0 Ghana	0
d05bc4b0-ded9-42a3-81cc-2664c3af5cf2	other	Dramat w kopalni Bielszowice. Premier zabrał głos	0
51970478-87b0-4024-bfec-d6425c0b1b5a	wikinews	Powstała encyklopedia wolnych gier oparta na silniku Wiki	0
5203b253-ed29-4727-b685-05eba390a808	pudelek	Margaret w sandałach na obcasie i skarpetach...	1
1d42ccb0-3fea-4d59-b836-196810502f6d	pudelek	Pirógowi grozi gorset ortopedyczny!	1
632c68df-75a5-4769-b28f-d5d38e387ff8	wikinews	Trzeci dzień walki z pożarami w San Diego w Kalifornii	0
6e7bc520-dee2-446d-9878-e59c11edd13a	o2	Żałoba w Hollywood. Poruszające ostatnie słowa aktora	1
c7ecc1f4-365f-4517-a075-8b434d922411	wp-wiadomosci	Dramatyczne krzyki przy granicy. To błąkają się krewni "zakładników Łukaszenki"	1
b46c3c48-458b-48c9-a268-10f0da47c710	pudelek	Reese Witherspoon i Jennifer Hudson na balu Tiffany'ego	1
1d7573a2-187c-4af5-a1c9-2f1319f686dc	wikinews	Poznań: powrót operetki „Księżniczka Czardasza” na deski Teatru Muzycznego	0
9e446db3-2842-4f64-95c9-9bd3c9480068	wikinews	Wyniki wyborów parlamentarnych w lubuskim	0
d889d1f0-58d3-468c-908d-862731acf355	tabletowo	Niespodziewany gest Microsoftu – klienci będą wniebowzięci!	1
34df9f14-cdec-4cc0-8bb4-e1d58225b6fd	space24	Ocena skali pożaru w Biebrzańskim Parku Narodowym. Pomocne dane satelitarne	1
aee1c5a7-5805-4c7f-b815-c08c82edf2ae	naukawpolsce	Prof. Szmyt laureatem Nagrody im. Tadeusza Kotarbińskiego	0
444597f6-2b48-40b3-9941-8613ab527084	pudelek	Shakira wróciła do CZERWONYCH włosów 	1
66453dbc-a4ec-4428-b365-c4bb29a6993c	wyborcza	Rosyjski wywiad włamał się do poczty gen. Skrzypczaka. Wykradł analizę nt. możliwego ataku Rosji na Polskę	0
a4c5fc1a-2f65-4ab3-a13f-3b45513f08db	wp-wiadomosci	Monika Olejnik o Kamilu Durczoku. Pożegnanie na antenie TVN24	1
c59069eb-360e-4003-94e6-04addd2c810a	tabletowo	Nie będzie różnicy, czy kupisz Galaxy Z Flip 4, czy Galaxy Z Flip 3	0
571624dd-1043-4819-b711-add2c75f71eb	other	Warszawa. Mężczyzna napastował 12-latkę w niemal pustym autobusie	0
58803809-659e-486a-91b7-bb3a6fa9bfb9	wikinews	Johan Van Summeren wygrał 64. Tour de Pologne	0
2ed1e60a-f89f-483c-99af-fcef7f7e7b1a	wyborcza	Przepłacone respiratory na polecenie premiera. Wiemy, co NIK napisała do prokuratury	1
72b234fc-9e56-4a2d-a905-f677331a56fd	naukawpolsce	Spożywanie białka z wielu źródeł może obniżać ryzyko nadciśnienia tętniczego	0
1ded4d2b-04b7-4b40-ad03-358cfab2ae31	pudelek	Eurowizja 2021. Rafał Brzozowski OSTATNI do zwycięstwa? Komentujący nie mają złudzeń: "Wszystko jest wymuszone, CZUĆ DUŻO FAŁSZU"	1
fd6d4dc1-e50d-438c-9cd4-8cf6ec583dd8	wikinews	Ukraina kredytem bankowym zapłaci za gaz	0
5c05bfc4-7777-489f-aeff-d3b7791c32a6	wikinews	Kolarstwo: Danilo Hondo zawieszony za doping	0
8487a3a0-1f35-4a9c-872a-df388381ec56	wyborcza	Zmarła Karolina Kaczorowska, żona ostatniego Prezydenta Rzeczypospolitej na Uchodźstwie	0
fb63bfe1-dd2b-4ce2-b468-73cfa09c83a5	wikinews	Zakończył się XXIII Festiwal Śpiewających Przedszkolaków	0
400df5c3-e91f-4476-ac57-3a58edb92775	wikinews	Polska przegrała w tie-breaku finał siatkarskiego turnieju w Halle	0
6f5265cb-98cb-43b6-b48e-2f681cc07bdc	other	Konsekwencje skandalu w policji. Oficer elitarnej jednostki zawieszony	0
56c88ffe-4116-45ce-a792-08d8587d85cf	pudelek	Kurski znalazł DODATKOWE PIENIĄDZE na "Koronę Królów"! "Okazał się łaskawy i dosypał grosza"	1
13cc0866-0cb9-495b-be06-6da14b71c879	pudelek	Kendall Jenner musi zapłacić 90 TYSIĘCY DOLARÓW kary za promowanie Fyre Festival!	1
bffaa55c-44da-46ca-8229-fd6d9e43d54b	other	Luksus to mało powiedziane. Cena hotelu zwala z nóg	1
75c41665-cb5d-42c2-96c3-e9b66a2d3dee	other	Silnie wieje, w porywach do 100 km/godz. Awarie prądu w Kujawsko-Pomorskiem, powalone drzewa w Toruniu	0
c6d33d82-5ee6-42bf-b2c5-8100e26e99f3	pudelek	Dagmara Kaźmierska ma już pomysł na pracę w Egipcie. "Nie umiem tak, żeby hajs nie leciał"	1
5a8797bb-8322-4f0b-bb3b-d3149e80fa9e	space24	Izraelski lądownik nie przetrwał spotkania z Księżycem	0
a0aa6888-6f07-4d7d-9e9c-9f0cda058807	pudelek	Natalia Siwiec jako JEDNOROŻEC dokazuje z "księżniczką" Mią... 	1
6abceea3-f1d4-4c4a-83cd-8582c56b53db	wikinews	Piętnasta rocznica śmierci świętego Jana Pawła II	0
6c764cca-76d7-46ca-b5a4-a1de77bf197f	pudelek	Komornik pojawił się z kartonami w butiku Jemioła! "Zalega z płatnościami wykonawcom z Łodzi" (TYLKO U NAS)	1
63f33f7c-c65e-446d-9d8c-470fe8d3f99d	o2	Tropili skradzione kampery. To, co odkryli, przerosło najśmielsze oczekiwania	1
f8a6fb56-e01d-4cbd-961f-46969ec67c21	o2	Gimnazjalista obejrzał 5 minut zakazanego filmu. Wstrząsające, co zrobił Kim Dzong Un.	1
323bfb5f-1bd2-49c8-8445-b3406a3a116a	pudelek	Pokochałam reżyserię mocniej niż aktorstwo	1
05840f38-38cf-434a-b4cc-75883abe5fca	other	Spore zaskoczenie. Co prowadzi do niepłodności?	1
19818cdf-915f-4799-8c42-64b402c1130d	pudelek	To już koniec "Samej słodyczy"!	1
6276ae75-2d7d-4a6c-b8c1-c9ad26cbf625	pudelek	Jestem SKĄPA, mam problem z wydawaniem pieniędzy na zbytki!	1
189e48f1-335f-48ba-85cf-216f61fb4abb	wyborcza	Niemiecka flaga oraz portret Tuska spalone na mającym status państwowy Marszu Niepodległości	0
1b198991-a04c-44ca-ae86-c0c681b8772e	wikinews	Open'er 2010: „I Feel Better” przy chasydzkiej alternatywie – trzeci dzień imprezy	0
b775ccf4-d713-48f4-8563-ca72b7ab0e9e	wyborcza	Dudka złamał nogę?	1
a848583c-8ae9-4e66-8994-cc0886021c70	pudelek	Naturalna Dua Lipa stroi miny na meksykańskich wakacjach z Anwarem Hadidem 	1
88750a68-44cf-4fe1-95a5-5dd844e97a03	tabletowo	Tablet od „pogromców flagowców” w produkcji. Wyciekła specyfikacja	0
1a7910b0-d1bf-437b-819f-898dddd4eac7	naukawpolsce	Możliwa jest ultradźwiękowa terapia cukrzycy	0
31bb875d-cfa7-4234-919a-c673fc576e09	wyborcza	Fotografowała dzieci uchodźców z Michałowa. "Gdybym tylko wiedziała, że je wywiozą..."	1
171a181b-c306-469b-90bb-0716a4319131	pudelek	TYLKO U NAS: Fotoreporterzy oskarżają największe polskie gwiazdy o kradzież. To początek "wojny"?	1
b54069ff-deb5-42a2-b460-56c8b9d4f92c	o2	W TVN24 nie mają złudzeń. W studiu zapadła krępująca cisza	1
1d181b30-6843-44ac-ad88-03e442164d1b	wikinews	W wyborach do francuskiego Zgromadzenia Narodowego wygrała prawica	0
c2140d6c-d203-4b3c-a7d5-e04a4774a5e6	wikinews	New York Times: Możliwe kolejne ataki terrorystyczne około 11 września	0
3dfa5012-c071-46c2-b963-2d3cc5db1271	pudelek	Bandyci POSTRZELILI mężczyznę, który wyprowadzał psy Lady Gagi i PORWALI jej dwa buldożki (ZDJĘCIA)	1
2226aa1e-4580-43b9-91a5-05597d6654cf	wikinews	Białoruś: Służby porządkowe rozpędziły manifestację przedsiębiorców	0
685b012c-cf8e-43b9-8879-6e25224f5309	pudelek	Wróci do Polski dla Sebastiana?	1
ba8576cb-cfe8-41b4-8ec6-7d37efc9c893	pudelek	Victoria w krótkiej sukience	1
f92ed287-50d5-4fdf-90de-65ced3268d7b	wikinews	Widzewska Galeria Ekslibrisu z Łodzi 13 października 2015 r. obchodziła 25-lecie działania	0
bdbf966a-fddc-4c8e-bd8b-22cff46ca49a	wikinews	Budapeszt: Blair rozmawia o budżecie Unii Europejskiej	0
4d244b29-2785-4cea-9c57-605c1522d54d	space24	Ekspert think tanku CSIS: USA nadal niegotowe na wzmożoną rywalizację w kosmosie	0
1edb3503-0ec9-4c91-97f9-cff17efa0b1c	space24	Uzyskano tlen z marsjańskiego CO2. Nowy kamień milowy misji Perseverance	0
ba81ecd8-dd09-46db-815a-d1102acfdacc	wyborcza	W Częstochowie proces mafii śmieciowej rozpocznie się później. Wśród oskarżonych jest były wójt spod Kielc	1
cd3939e0-699b-4dec-b5b4-d0d1a6208502	pudelek	Emma Corrin zdradza, że ludzie MDLELI NA WIDOK jej matki, bo była tak podobna do księżnej Diany!	1
ce0af4b2-cf80-4723-99c5-15e19431f2bc	other	Tragedia nad jeziorem. Mężczyzna spłonął w przyczepie kempingowej	0
a9b94e6c-44bb-4d16-ac2c-3daf61e58a1c	wyborcza	Czy „białe miasteczko” zostanie zlikwidowane?	1
d1c927e7-d480-4262-8f8e-d58586012fc0	wikinews	Ostateczna odmowa rejestracji domeny .xxx	0
18c684a0-68ba-4ba2-8bd6-64869b93891e	naukawpolsce	Rekrutacja na MBA z zarządzania lasami	0
3e7ca9a8-bfec-44d1-b5ac-82094ac13707	pudelek	Joanna Jarmołowicz szaleje w klubie z tajemniczym brunetem	1
487c3b1b-24b1-4f65-add2-603daf07cc3e	wyborcza	Arcybiskup Henryk Hoser nie żyje. "Zmarł po długiej i ciężkiej chorobie"	0
4bdec3fa-12f9-41a2-9eee-955be209d10f	space24	Ukraińska ścieżka współpracy NCBR. Wymiana wiedzy i wspólne inicjatywy	0
cfc1345b-d761-426d-92bf-ba7bec787339	wyborcza	Czwarta fala pandemii i omikron - nowy wariant COVID-19. Konferencja prasowa premiera Morawieckiego	0
eda181ac-282d-4a2d-b38a-69a89bc9db5b	wikinews	Lekarz Witold N. został zatrzymany	0
15172370-dacb-4602-bfb5-026263a97962	pudelek	TVP ODMAWIA KOMENTARZA w sprawie występu Joanny Moro w Sopocie	1
c291cee4-eae1-4d49-98bf-c1241945c1cd	wyborcza	Ostatnia misja latającej fortecy. Naukowcy i specjaliści z Departamentu Obrony USA znaleźli szczątki zestrzelonego bombowca	1
0c32f24d-a1a9-4254-aa4a-f0602a012ad9	naukawpolsce	Seksuolog: 44 proc. Polaków rozmawia otwarcie o swoim związku z partnerem/partnerką	0
954159ef-1039-42e9-ae0b-b70943939d09	pudelek	Rihanna BEZ MAKIJAŻU w nowym teledysku!	1
b4198384-038a-43a8-8560-9fadc38e151e	wikinews	Sowińska: seks tylko dla dorosłych?	0
4dd1eb14-7c03-4aeb-9fc1-8bde869b5325	wikinews	Lech Kaczyński zakończył wizytę na Litwę	0
e4bae782-a474-472a-ae6e-8a717c4a7c9a	wikinews	20 lutego 2015 roku trzy stacje metra w Warszawie otrzymały pozwolenie na użytkowanie	0
6dd1e193-fa00-4c97-9630-4027e540d19c	o2	Były biskup bierze ślub. Jego wybranka pisze książki o szatanie	1
bf79b916-2c68-403e-9ce3-12824788dbbb	pudelek	Dziś 10. rocznica śmierci Ciechowskiego! 	1
8b05525f-9409-4033-9da5-61d31a2e52fd	wikinews	Niemcy: Strajk ostrzegawczy kolejarzy	0
475dc934-0b3e-4a2c-9d47-6c2ebe7aaa8e	o2	Wtorkowa liczba zakażeń. Przerażające wieści z Ministerstwa Zdrowia	1
1eda5be0-f943-4140-9b36-dbf41ab9281e	o2	Gwiazdor nagle wybuchł płaczem na scenie. Maleńki synek zmarł na raka	1
b40dba10-9c9c-45d4-91c3-bc386e241896	wyborcza	Będzie obniżka VAT na prąd i gaz. Rząd chce zastąpić Glapińskiego	1
56acd351-9afc-4645-b19f-391f806df72a	pudelek	Dagmara z "Królowych Życia" zaczepia Majdanów na Instagramie: "Pan domu musi się pogodzić z porażką!"	1
66eb69ba-6d0e-4fb1-afe0-99b21cbd96da	wikinews	Siergiej Sirotkin drugim kierowcą Williamsa, Robert Kubica kierowcą rezerwowym	0
9943f19c-9110-4066-8bee-3a69228294e7	pudelek	Modelka plus size PO RAZ PIERWSZY na okładce "Vogue Polska"! Internauci: "Wyszła NUDA" 	1
864ba904-e879-425e-a4d5-a650f99315a1	wpwiadomosci	Mateusz Morawiecki: wystąpiliśmy do Komisji Europejskiej o środki dla uchodźców	0
4d3bcd28-120c-40c8-a957-fda873ea6946	wikinews	Ukraina: zatrzymano ponad 400 protestujących przeciwko okupacji Chersonia	0
b16b777b-bff7-4670-b69f-cad5a0452d85	wikinews	Wybory prezydenckie: Cisza wyborcza przed drugą turą w Polsce, głosowanie w USA	0
8323c33d-f24a-46de-ab88-67f3fac22748	wyborcza	Andrzej Zaorski nie żyje. Miał 79 lat	0
58955c70-d4d0-4f3d-a35d-16b56c60e99e	o2	Agresywny właściciel marketu uniemożliwił kontrolę inspektorkom sanepidu. Szokujące nagranie	1
6d1ecd8e-5e7f-4bde-b032-6e82ae543bd2	wikinews	Neymar zagra przeciwko Kolumbii w ćwierćfinale Mistrzostw Świata w Piłce Nożnej 2014	0
aac09905-0924-4535-9b22-db39a53eb2f2	wikinews	Liga Europy UEFA 2010/2011: Lech Poznań 0-0 Dnipro Dniepropietrowsk	0
12df010d-8460-4d1c-bca7-b61cfd01e55d	wpwiadomosci	Ukraińcy trafią nawet z 50 kilometrów. Holandia wysyła niemiecką superbroń	0
054a5da7-dc86-440f-8d05-b416acf02e3d	pudelek	Piotr Świąc nie żyje. Prezenter TVP zginął w tragicznym wypadku samochodowym	0
b3fe6603-21f0-4e63-85be-257205b1b430	o2	Zaskakujące informacje. Przemytnicy oferują to na Facebooku	1
e646c2c9-cb8e-454b-bc03-7fd14c52b401	wikinews	Wizyta rosyjskiej floty w Japonii	0
f80c6bd8-1739-4dce-b312-aae329ed118d	pudelek	Ula Chincz chwali się efektami ciążowej sesji. Fani: "Wyglądasz jak KSIĘŻNA DIANA"	1
20c77729-1481-4822-95e6-7ed2da84641e	wikinews	Protesty przeciwko ACTA w Polsce	0
6403683e-18a6-45fb-9813-90f1250a340d	tvpsport	Podwójna remontada! Szalony mecz we Włocławku	1
87110fd0-d6c7-47fb-adec-149db209cb4c	wyborcza	Koronawirus we wtorek 19 października: oficjalnie prawie 4 tys. nowych zakażeń i 64 zgony	0
90e18b9a-017d-4180-92a8-8cc593553fb8	pudelek	Taniec z gwiazdami jest ustawiony?	1
09b544f5-49bf-419c-8da1-c52bec5291bf	pudelek	Gigantyczny brzuch Evy Longorii w drodze na wywiad	1
fd704b9b-67b9-4939-a265-ba9e003ee798	wikinews	XIV Warszawski Festiwal Nauki: zapowiedź	0
6779bfc6-111b-48cc-bde2-410fdd4e4d10	pudelek	Olbrychski nadal jeździ konno. Po "soku pomarańczowym"?	1
ac9bbac9-7f79-490e-9276-c05527502650	wikinews	SLD o Kwaśniewskim: Ta prezydentura przejdzie do historii jako dobry czas	0
8ad2a9a6-ff16-47e3-a373-a0377cffb61f	wikinews	Odwołano prolog Internationale Österreich-Rundfahrt	0
40f67f3f-dff5-4340-88f7-156ee6dfe6dd	wikinews	Kaarel Nurmsalu został Mistrzem Estonii w skokach narciarskich	0
06feb8ff-4802-40d3-aeec-d423fbb4f75c	wikinews	Apple wymienia wadliwe ładowarki	0
b50e6800-23fa-4e1f-8c11-db31a5a8b1bd	tabletowo	Toyota chwali się dużą sprzedażą hybryd w Polsce	0
a1fd3b6c-a78c-4a1b-8124-7dd543e599e9	pudelek	Tomasz Kammel nękany pytaniami o odejście Marzeny Rogalskiej z TVP: "Ona pokazała klasę, A TY KIEDY?!"	1
360f76e3-30dc-4c65-9401-d9158cb70f5a	wyborcza	Powybijane okna i broń własnej roboty. Policja publikuje film po zamieszkach w ośrodku dla imigrantów w Wędrzynie	1
6c6f081b-27e5-4106-9789-9bcc1132dcb2	wyborcza	Nergal nie obraził uczuć religijnych. Sąd uznał, że nikt nie musiał oglądać zdeptanego obrazu Maryi	0
a0da0516-81a4-43c1-9c1c-6b7988957a29	space24	Nazwy gór lodowych w hołdzie zasłużonym satelitom obserwacyjnym	0
17758254-6b15-44a8-b016-3b4155f278bf	wyborcza	Wielka Orkiestra Świątecznej Pomocy w Toruniu. Zebraliśmy ponad 683 tys. zł	0
2ca8e22f-589d-4a0e-858a-ba4830b76d46	wikinews	Andrzej Kryże prokuratorem krajowym	0
4f9ca612-d845-4e79-bb12-1deb1a60db54	other	Chciał zdezynfekować ręce. Dramat 5-latka z Rozkopaczewa	0
4cac474f-12fd-4278-a815-5038e4c666ba	pudelek	Omenaa Mensah w... afro!	1
f616c50b-20e3-4576-afe6-abf48dbbdf02	o2	Wariant Omikron dotarł do Europy. Niepokojące wieści dla narciarzy.	1
6b41e966-71d9-4b9b-bdde-2614dcec856d	wyborcza	Wymachiwał bagnetami w tunelu trasy WZ. Groził policjantowi, że go zabije	1
6452f765-d371-47d4-b2ba-03a79d958917	pudelek	Jessica Mercedes roni łzy pod goglami VR na "spotkaniu" z Coco Chanel. "Mogłam wszystkiego DOTKNĄĆ, USIĄŚĆ, POCZUĆ!"	1
cf31aab1-ced2-4b19-bbd5-9390b0a847f8	pudelek	Edyta Górniak jest gotowa PRZEBACZYĆ kokainiście Dariuszowi Krupie! "Jakby stanął tutaj tata Allana, WYCIĄGNĘŁABYM RĘKĘ"	1
d49f3ec8-c2c3-48ba-8fdc-bd3b0c99e04f	pudelek	Kukiz chce zalegalizować... picie piwa w plenerze!	1
92c11707-4bdd-4990-9b1a-4207523490d0	o2	Bunt w szkole w Radzyminie. Tak uczniowie zareagowali na wizytę Czarnka	1
0656ae13-12f3-4f82-9b36-daf47be2b74b	pudelek	Znowu WYPRASOWALI Rodowicz! Wygląda już jak postać z anime?	1
8a6f40f2-9c47-4535-8e34-73efe951fbff	tabletowo	Aktualizacja zza grobu. LG Velvet dostaje Androida 12	0
a15da0a0-414b-4f58-b915-77a3501689d8	wikinews	Zderzenie pociągów w Pakistanie spowodowało śmierć setek ludzi	0
f8d9e2be-fc86-4e98-b009-791def76c267	other	Debata Strajku Kobiet na temat wolnych mediów. Zainteresowanie policji... robi wrażenie	1
87d7e83f-91ee-4568-bdef-595182e244fe	tabletowo	Dobre wieści! 3D Touch może powrócić do iPhone’ów	0
9ca3870d-5840-480a-b913-a92a237e5609	pudelek	Kayah: "Kabała wyleczyła mnie z białaczki!"	1
d4589750-c622-4174-8be8-00ff22422e70	pudelek	Rolnik szuka żony. Elżbieta ostro o Marku: "Nie szukał miłości TYLKO LOKUM!"	1
60c8cb89-70ce-4ea7-8415-8547187e7efb	pudelek	Tak Amerykanie zareagowali na wyniki wyborów	1
9652868a-e8a8-4269-9ae4-3e48329692d8	pudelek	Ulubienica Vegi: "Lubię męskie kino"	1
85111cbd-caef-4f17-a412-ed2d5aa1cd78	wikinews	Białoruś: Zaostrzono walkę z nielegalnymi taksówkarzami	0
a97c5698-c774-463e-abce-a8d48caa4007	space24	Sonda Solar Orbiter skorzystała z asysty grawitacyjnej Wenus	0
8d4709dd-25f9-467c-9dbb-37ee52d60f12	wikinews	Awaria Spotify i Discorda	0
3293d79e-5cda-4c46-8459-6fe40258ba7b	o2	To wpisujemy w Google. Najpopularniejsze hasła polskiego internetu 2021	1
07bad8ca-8c08-4068-9749-615bc3e66cab	wikinews	Znicz 2008: zginęły 32 osoby, 421 zostało rannych	0
80521241-87df-4895-9bfc-b8bc3e6f776b	wikinews	Szwajcaria: władze zakazują demonstracji przeciw Światowemu Forum Ekonomicznemu	0
45a051c7-a49a-4ab5-aba1-c3ec8aed47e0	wikinews	Polska: prezydent pojedzie do Brukseli	0
c60de3dc-5efe-49fa-bee4-3d51b407107f	pudelek	Księżna Monako wyjechała z kraju! Leczy się w specjalistycznym ośrodku: "Była WYCIEŃCZONA emocjonalnie i fizycznie"	1
39e4ee2e-8685-4784-9f91-ca7bd0dc5c3f	wikinews	Puchar Świata w skokach narciarskich: kwalifikacje do pierwszego konkursu odwołane	0
9f6a62c9-9dd6-468d-9993-becd71bffeaf	o2	Wyciekło wideo z zatrzymania Tuska. Wtedy stracił prawo jazdy	1
5ba32276-16ef-40cd-b8a9-996e2aa7c55b	pudelek	Zatrzęsienie gwiazd na Instyle Awards: Wiecznie młoda Nicole Kidman, elegancka Reese Witherspoon, odważna Elle Fanning... 	1
70a3313e-f755-45e4-a038-ff5560fb1412	pudelek	Jennifer Lawrence w kampanii Diora	1
6b4ca00c-4d23-49a1-b4a0-6f5380007836	tvpsport	Arcyważna wygrana Zagłębia. Radomiak ośmieszony u siebie	1
4e94ad04-058b-4edf-90a3-9dca3536003c	other	Judyta Turan nie żyje. Przed śmiercią nagrała film krótkometrażowy.	0
c5110e69-0402-4527-a90e-fc24c617ad72	o2	Przerażające odkrycie na klatce schodowej w Ostrowcu. Jest podejrzany	1
bed5bc36-1114-47aa-8ea2-2e864af8a203	pudelek	Ania Starmach świętuje pierwszą rocznicę ślubu: "Bajka nadal trwa a ja jestem JESZCZE SZCZĘŚLIWSZA"	1
5e3af4ce-8274-4fda-9636-6652bc1a27f4	wyborcza	Koronawirus. Rekord liczby zakażeń w czwartej fali koronawirusa w Małopolsce	1
6d186061-c71e-4207-b412-d040d40b1ac1	pudelek	SZOK I NIEDOWIERZANIE! Małgorzata Godlewska odwołuje kolędowanie: "W tym roku coviduję z pacjentami"	1
cd0fbc92-f09e-4123-8a64-3d3ec529d7f0	o2	30 wozów strażackich w akcji. Wielki pożar w Chorzowie	1
b5d2f821-92f8-4863-8d69-fb4a036dff7b	wikinews	Radosław Sikorski jedzie na Białoruś	0
c76c8545-6761-4a09-8ccb-38acc9795e08	pudelek	Power Couple. Znamy ZWYCIĘSKĄ PARĘ 1. edycji programu!	1
981d40c3-c4f6-4efd-b58a-1a7a1472d8ec	wikinews	44. Małopolski Wyścig Górski: Kiendyś wygrał kryterium uliczne w Krakowie	0
86c4ae80-c094-4a4f-a642-a7b9112c669c	naukawpolsce	Analiza: najwięcej prac naukowych o SI z Chin, USA i Indii	0
58fb8c90-4204-47e0-8ee7-cfd67710b853	pudelek	Joanna Przetakiewicz relacjonuje podróż samochodem z psem MIĘDZY PEDAŁAMI: "TO NIEBEZPIECZNE"	1
ceec9bc2-384a-47bc-a42e-aedded52ac11	o2	Z zimną krwią zamordował rodziców i 7-letniego brata. Szokująca decyzja sądu	1
c954168c-db89-48ed-8d79-aef8564aebc6	wikinews	Eurowybory 2014: remis PO i PiS, sukces Nowej Prawicy	0
1c2b2c77-cc09-4691-a081-69fc27623a57	pudelek	Hotel Paradise. Uczestnicy WYELIMINOWALI z programu kolejną osobę!	1
bb9b814e-a6c8-44a0-ac0b-09fdae951a1e	pudelek	Łukasz ze "Ślubu od pierwszego wejrzenia" zachwyca się synkiem: "Teraz dopiero poczułem się prawdziwym tatą"	1
3fda717c-35c9-460f-966f-6825029b5148	wikinews	Irak: Polscy żołnierze ujęli 29 terrorystów	0
105843a4-3d3c-4a95-9785-d053fb82a22a	pudelek	Tak mieszka Elżbieta z "Rolnik szuka żony"! Stawia na przytulne wnętrza i ma wyraźną słabość do roślin i bibelotów 	1
cd3cbfe0-7ff3-4b2a-b63b-06ef460722da	pudelek	Monika Chwajoł wyprawia córce komunię świętą NA BOGATO: biało-złota karoca, droga restauracja i... maszyna do wyrzutu piłek tenisowych! (ZDJĘCIA)	1
91a876e1-c563-48af-8afc-5e2989a17b98	other	Wyrzucono ją z samochodu pod szpitalem. 26-latka nie żyje	0
b6660fcc-4cd6-4d00-99d3-2cd902833841	wikinews	Zniszczony ogród deszczowy w Warszawie	0
c9a3a752-a53e-403e-b2b1-6478f53224ae	pudelek	Ślotała: "Jestem zakochana w córeczce, ale wracam do pracy"	1
5f9cbcca-a390-4da4-b1b5-6a9aeffe4de1	space24	Rozwój poprzez konsolidację. Co dalej z rynkiem SATCOM? [KOMENTARZ]	0
86d32c8f-4d5e-408f-ae82-4bbe27cd04d9	pudelek	Chuda Kołakowska pokazuje nogi na premierze	1
61d2d949-3904-43c1-9d0b-42ff6c89c6c0	wyborcza	Prasówka z Rosji, 20 kwietnia.Ukraińscy nacjonaliści przebrani w rosyjskie mundury mogą rozstrzeliwać ludność cywilną	1
573e23ad-448c-4129-9fa1-1b172f269005	space24	Szkody w Bejrucie zmapowane. NASA użyła danych z Copernicusa	0
09e895fd-7136-481e-833b-fc0f27759fed	pudelek	Edyta Górniak zastanawia się: "Kto komu sprzedał Królestwo Polskie? Pytam się. DLACZEGO?"	1
2810f3da-2abf-4b34-b9ae-45b550720bc4	wp-wiadomosci	Zrobiło się nerwowo. Wszystko przez "telefon od Tuska"	1
5797f776-64f3-4f75-a065-5d5e4dc7b747	wikinews	Piraci uwolnili saudyjski supertankowiec "Sirius Star"	0
2e8b4b9e-783c-45b6-9b9b-c7a7407ba138	wikinews	Open 3D Foundation – nowy projekt Linux Foundation	0
896d15d1-d153-4001-a3b2-30afcd933d4c	other	Tragiczna śmierć diakona z Radomia. Miał 31 lat	0
f2b10a76-dd12-453a-ba91-0c1f9a501cb6	wpwiadomosci	Rocznica wejścia Polski do Unii Europejskiej. Tusk o Ziobrze: pozbyć się tego szkodnika	1
9d40e2d6-733b-449b-90ef-9868d9e4cf5e	wikinews	Wrocław: Zarejestruj wypchane zwierzątko!	0
c209dcde-1592-40d7-b405-9544d93d83d3	wyborcza	Podsumowanie dnia: 8 listopada. Kryzys na granicy, Tusk wzywa do sięgnięcia po art. 4 NATO, ponad 7 tys. zakażeń koronawirusem	0
37f3df64-319a-47ef-bc35-5bd920780264	pudelek	Kinga Rusin BEZ MAKIJAŻU na Mazurach!	1
2982c306-b718-48e7-81a5-269926d085c8	wikinews	Dudka złamał nogę?	0
6827f558-1b2d-4c82-a0a1-b2aede8cf77d	tvpsport	Olimpijczyk z Pekinu poza kadrami. Małysz uzasadnia decyzję	1
a09c9cd1-c924-4686-a80a-b08fd79fa921	wikinews	Afganistan: Polscy żołnierze oskarżeni o zabójstwo sześciu cywilów	0
f1d9aabe-d1f8-4cdf-8cbb-0b3f21f4e264	wyborcza	Wchodzisz do metra bez maseczki, a tam policja. "Największe kontrole od początku pandemii"	1
7a4aaa49-cdae-4799-a2dd-15816c78d5e1	pudelek	Pierwsze córki głosują w wyborach: Kinga Duda czy Kasia Tusk?	1
e42ad2f0-7fa9-4a09-8a0c-cf9ee92946c3	wikinews	Animation Now! Zapowiedź trzeciej edycji festiwalu animacji w Trójmieście	0
02ee14ae-35f8-4f93-800c-c157e129a3cf	wp-wiadomosci	Tak może wyglądać szczyt czwartej fali. Znamy prognozę	1
25c7bb05-971f-4245-9a38-0a2949fcaf0f	pudelek	Strażnik Królowej krzyczy na śpiewającego turystę!	1
fae7767f-f661-4ab9-b692-1ee19a1ac2f5	wyborcza	Jarmark Bożonarodzeniowy w Gdyni na pl. Grunwaldzkim ruszy 4 grudnia	0
65acc21a-3eef-49b3-a841-77151c23fd08	wyborcza	Wicepremier Gliński: Jest równowaga w inwestycjach w kulturę między Toruniem a Bydgoszczą	0
408941e0-05c0-43ef-9369-552e032ab3c1	o2	Żona ministra uruchomiła podcast. Jej pierwszy gość? Wielkie zaskoczenie	1
ae4fe496-5b55-4e00-9c14-0bec0970fe34	wyborcza	Beata P., znana wokalistka, odpowie za jazdę pod wpływem alkoholu. Jest akt oskarżenia	1
5b80106f-4455-4bd7-be7c-fb576b853d51	wikinews	Koszalin: pracownicy poczty okradali paczki	0
6215c00e-afb1-4317-b84d-3d22da0648cf	pudelek	TYLKO NA PUDELKU: Kuba Wojewódzki ŚCIEMNIA, że odchodzi z TVN? "NIGDZIE SIĘ NIE WYBIERA"	1
726ca951-7f93-46d4-91d9-3fe76bafb164	wikinews	Drugie przesłuchanie Andrzeja Czyżewskiego	0
d35eead7-cd47-4d62-afb2-adbee6ad2de6	pudelek	Mateusz Damięcki po raz drugi ZOSTAŁ OJCEM! Znamy płeć i imię dziecka!	1
32fd9e01-b96a-4346-84ee-bf6e286365a1	wikinews	Nowa książka Grossa: Polacy to odnoszący korzyści materialne współsprawcy eksterminacji Żydów	0
9d566335-464e-46ce-ba65-499e97bb0308	pudelek	Katolicy złożyli wniosek o odwołanie koncertu!	1
60b0d8b2-ed46-4bfa-956d-26744e5f6bbe	pudelek	Magda Welc POWRACA z nową piosenką! Tak dziś wygląda zwyciężczyni "Mam Talent" 	1
37c4bf45-ba29-4e20-9769-ecf429192523	pudelek	Odziana w cekiny Natalia Siwiec baluje na Ibizie 	1
8ab96cd2-3030-4bc3-9aa7-7b95db961a4e	wp-wiadomosci	Jacek Karnowski ostro do Przemysława Czarnka. Mówi o dyskryminacji uczniów	1
18b9e31c-5e9a-4882-b217-4f1dfe091248	o2	Byłam w szoku. Kobieta mówi, co się działo na lotnisku w Katarze	1
90765982-b17b-47c0-9689-a1a8c13ef8e1	wikinews	Puchar Polski: Stal Stalowa Wola - PGE GKS Bełchatów 1:0	0
fd635780-065c-490f-9752-a0bdf2cd5121	pudelek	Boczarska wygryzła Włodarczyk! "Przegrana była dla niej niezłym szokiem"	1
be63d685-c376-4681-a1ca-ecac476fe539	wikinews	PO: nie było żadnego listu w sprawie wcześniejszych wyborów	0
acbbba2f-7c2f-4391-9a8b-79d2024fea3b	pudelek	Transpłciowy mężczyzna URODZIŁ SYNKA! "Jeśli ktoś powie wam, że mężczyzna nie może urodzić dziecka, pokaż mu to wideo"	1
cf021d7f-81e4-402b-b6ad-f9e21cfdcef2	pudelek	Roma Gąsiorowska o trudnej relacji z ojcem: "NIE DAŁ MI MIŁOŚCI"	1
cda2a45f-a9d5-488d-a311-d1e2d81d61c8	tvpsport	Gorąco po półfinale Ligi Mistrzów. Brak rzutu karnego to skandal!	1
ae2bf7b3-2434-48a1-89cb-b175de2a7021	pudelek	Eurowizja 2021. Są już wyniki testu na OBECNOŚĆ NARKOTYKÓW w organizmie Damiano Davida z Maneskin!	1
0cca747f-072a-4add-8019-2e861ae0c323	wikinews	Czy są perspektywy na zakończenie wojny domowej w Syrii?	0
009a0058-fc34-4d1c-82bc-67bf6846d88f	wikinews	Bilans Fundacji Batorego: Ile kandydaci na prezydenta wydali na kampanię?	0
48f42356-05b6-4aa0-929b-d6e9e3a354de	naukawpolsce	Badanie: niebezpieczne cyklony będą występowały coraz częściej	0
b6e64f35-95ca-4162-9b2a-b98588971a76	other	Urodziny Radia Maryja. Duda wysłał Rydzykowi osobisty upominek	0
984eb55b-8670-4820-844b-702dbd3a6636	wp-wiadomosci	Szokująca interwencja żołnierzy. Były szef MON użył mocnych słów	1
f31e197a-02c7-47f5-b12a-4d9162a96e6d	wikinews	Planetoida 555468 została oficjalnie nazwana „Tokarczuk”	0
60faf84a-f192-41c6-945b-e194c85552b6	naukawpolsce	Zmarł Andrzej Piotrowski dyrektor Muzeum Badań Polarnych	0
3701df7f-1679-4d50-8ff7-4c2fdedf2f34	pudelek	Enrique Iglesias i Anna Kournikova świętują 1. urodziny córki instagramowym zdjęciem	1
b5581e24-ed09-4f48-8402-52b4b84bb0f0	pudelek	Ewa Mrozowska marzy o odzyskaniu dawnej figury. Fani są zaniepokojeni	1
2ed69e6f-c8e0-48a2-b61a-ee10997559f1	wikinews	Wrocław: koncert zespołu Kruzenshtern & Parohod	0
7361c3b8-c7bd-481d-9ec7-1faf90c1327b	wikinews	Tarnowskie Góry: wypadek w skradzionym samochodzie	0
edc6368f-5a12-4618-bb41-b8130773ffda	pudelek	Moje ciało jest chyba okej… Nie lubię swoich ud i brzucha	1
36066210-f955-4361-9124-9308c4111590	o2	Zaniemówił. Internauci rozbawieni do łez. Tak podjechała do McDonald's	1
a0b10d48-952d-42e8-95f0-6dca8473d4ee	tabletowo	CD Projekt RED zmaga się z rosyjską falą negatywnych recenzji gier	0
cb6866bb-2f7e-41c3-b820-1cd6f62a241f	wikinews	Przedterminowe wybory parlamentarne w Portugalii	0
1df5136f-4e10-4008-b9a9-b8e461382603	space24	O kamerach satelity PW-Sat2	0
8043bb09-3afd-4baa-9aa0-ea54d1e064f2	space24	Wojsko Polskie zamówiło serię komercyjnych zobrazowań satelitarnych	0
2a073d8b-38d0-415e-b944-ecbc1cef3086	wikinews	ZIO: Polacy na 5. miejscu w konkursie drużynowym skoków narciarskich	0
2df66228-0575-4099-9b21-c27aef290e97	pudelek	Michele Morrone nagrywa kontynuację "365 dni" w centrum Warszawy. "Boże święty, to ty?!"	1
eae522f4-e5b6-45d2-b73b-091b87d52b13	wikinews	Austria: 10-letnia dziewczynka przeżyła upadek z 3 piętra	0
98c14a9e-5853-4a73-a810-9443434ffd55	other	Miliarder przewiduje przyszłość. Za 3 lata wszystko się zmieni	1
2ab185da-7ab0-46d4-9e9e-635315273d41	wikinews	Polski wędkarz utonął w norweskim jeziorze	0
0d253015-9c87-4f34-9e77-cbaebbc1c4c0	other	Nie żyje Zbigniew Plesner. Żałoba w Szczecinie	0
f68929e7-41bd-4dcb-8823-215e8475635f	pudelek	Natasza Urbańska prezentuje "kaloryfer" i przybrudzone zelówki przed Studiem Buffo 	1
3cd00f7e-d9a9-46f8-83f7-a1360982f158	wikinews	Lech Kaczyński odznaczył pośmiertnie Janusza Bobaka	0
d03cf53d-4e37-442a-9e76-355b25d29dd8	o2	Od tej strony Krystyny Pawłowicz nie znaliśmy. Zrobiła to publicznie	1
fbf23908-ce10-458d-ba63-3a590e61ee9f	wyborcza	Wybory 2005: Lepper na Kaczyńskiego, Bochniarz na Tuska, a SLD na nikogo	1
ffa605d3-a8f9-4d25-9842-76be420e3176	wikinews	Prom Discovery wylądował. Misja STS-121 zakończona	0
c2af670a-da64-4c56-9007-a948102896fe	wikinews	Uchwalono zmiany w ordynacji bez obecności PO, SLD i PSL	0
64f07d61-7c5b-441a-b749-c42554c9d955	wyborcza	Musk mistrzem Powerpointa? Znamy szczegóły planu dla Twittera	1
3487e1dc-51da-4d8f-a05f-002225ca8466	wyborcza	Trzęsienie u marszałka: Sprawdzą kasę nie tylko dla Mejzy, Kubicki jak stalker	1
bdc20ee0-9015-4e19-8973-22d48bc7078d	o2	Warszawa. Mężczyzna udał się za potrzebą, dokonał szokującego odkrycia	1
223fefa5-7ead-4c6a-87ce-c37681272f15	wikinews	Telefony komórkowe na Kubie już dozwolone	0
8210e6c3-9e5b-4ba4-8d43-23527cd36e0d	wikinews	Po 13-dniowej misji Discovery wylądował	0
517ba28e-0e5d-4a64-9854-c387185cd9ff	pudelek	Deynn zapowiada, że zoperuje sobie... DOLNE POWIEKI! "Będzie tez pobierany TŁUSZCZ Z MOICH UD, nie z brzucha, bo na brzuchu nie mam tłuszczu"	1
5964d84f-d228-4c8e-bfa4-3d45d8cfc1c3	pudelek	Dzieciaki znęcały się nade mną	1
73a1c7c6-8ce2-4c1d-9eb6-d47138431ded	wikinews	Trzęsienie ziemi w Indonezji	0
a8e71487-afc8-476f-8c93-6dce38795c6a	wikinews	Historyczny triumf Adama Małysza w Holmenkollen	0
05a513d9-6b5b-4422-905e-ba62fe263f99	wikinews	Gołota pokonany po 53 sekundach	0
576f6c80-641d-4224-982c-875efac53145	wp-wiadomosci	Znęcał się nad żoną, groził śmiercią. Kobieta wezwała pomoc	1
c6c218d8-6c4a-4f19-95fd-d82400e09933	wikinews	Nustar będzie podglądał czarne dziury	0
826d805a-ff19-4523-893d-b2c046edcc7f	wyborcza	Klan Casamonica skazany - zapadł wyrok w jednym z największych procesów mafii w Rzymie	0
f9d837d8-9da2-482a-b416-469ec64658ca	wyborcza	Od Cortésa do Bolivara. Jak powstało i upadło zamorskie imperium Hiszpanii	0
235398c6-49f5-4707-80a5-5c8e3dfc39b0	wikinews	Gdzie żyje się najdrożej?	0
c7986ec4-eddc-4814-a7d0-da2168773323	pudelek	Rafał Brzozowski zachowawczo o tym, czy jedzie na Eurowizję: "To nie są moje decyzje!"	1
a7d04fbf-3dd0-45c1-93bf-4d37897aaaed	wyborcza	Bułgarzy wybrali prezydenta	1
a79b1429-3837-4d20-b18f-279a7b8de9db	wikinews	Iran: Wyraźny spadek zakażeń SARS-CoV-2. Rząd ostrzega przed nową falą infekcji	0
55476b53-de17-49b7-8639-2f7086758908	wyborcza	Kiedy wejdzie Disney+? Największy konkurent Netfliksa podał datę startu w Polsce	1
e6ace5f4-27fe-4bb9-82dd-d39caa528568	wikinews	Krzysztof Kononowicz prezydentem Warszawy?	0
afa8238c-c4f6-4d45-b487-c14c36b1a573	pudelek	Dopasowana kolorystycznie do wystroju wnętrza Małgorzata Rozenek narzeka na dorodny biust: "Jak on mnie już denerwuje!"	1
21afa3d1-de9b-4a42-9ddf-a7e3143402b0	wikinews	Ubuntu 5.10 "zakończy życie" 13 kwietnia 2007	0
a7660286-3908-44a6-8bc3-c83f4b429051	other	Dramat w woj. warmińsko-mazurskim. Ambulans czołowo zderzył się z osobówką	0
a9ad0357-335e-464b-978a-27d89793b092	wikinews	Protesty antyprezydenckie w Jemenie	0
6706179f-d5c8-43ab-8310-f814fc5d9d16	pudelek	Julia Oleś PRZEJĘŁA fanpage portalu Kamila Durczoka. Tłumaczy się: "Od samego początku jest W MOICH RĘKACH"	1
ca8e3496-6529-40d3-8584-5f57e2f1df99	pudelek	Eurowizja 2021. Reprezentanci Norwegii i Azerbejdżanu MAJĄ ROMANS?!	1
bdffd698-3c62-4025-84df-2207a8dd8f9a	wyborcza	Zamordowany ksiądz patronem skweru nad metrem. Nowa nazwa przypłacona łzami i nerwami	1
be0250a6-8fe5-48fb-a224-c5c77e61d63e	wyborcza	Schetyna: Klich i Zdrojewski ministrami?	1
c2adfd9b-98de-43df-a325-81eeb296ccf7	wikinews	Tomaszów Lubelski: 17-latek zranił się nożem w brzuch	0
a1c1a122-02b1-42c2-905a-e2be662f90fd	wyborcza	Teczka Sikorskiego odtajniona bezprawnie?	1
6d283cc9-ccba-4c00-82fa-e6ebd60506fb	wyborcza	Lokatorka mieszkania TBS w Gdańsku i jej syn zarabiają prawie 2 tys. zł na wynajmie lokalu	1
969d243f-54f6-4b31-8230-5ed0cfe64087	wikinews	Tadeusz Sznuk odchodzi na emeryturę	0
56ab0afa-c123-4250-93a9-8af553af176c	wyborcza	Inflacja 5,4 proc.! Nawet eksperci są zaskoczeni	1
fcc5652c-3854-4a6e-a7b5-63ab77a7239d	wikinews	Giro 2007: w 16. etapie Garzelli wygrywa po raz drugi	0
c803e275-1d78-46f9-8fdf-878172aa168d	wyborcza	Stan wyjątkowo nieludzki. We wtorek w Rzeszowie protest przeciwko kryzysowi humanitarnemu na granicy z Białorusią	0
92b7db8a-071a-4d30-856a-1edfde6eef88	other	Doniesienia z Syberii. Mrożą krew w żyłach	0
0661381b-32b9-46ee-9844-4a8620c2d104	wyborcza	Czy czwarta fala zaczyna się właśnie teraz? Widzimy, że współczynnik R rośnie	1
b6ab7424-532c-497e-9545-98379b4f6e78	wikinews	Identyfikacja właściciela telefonu za pomocą tęczówki oka	0
ad9b190c-225a-4a09-a2ab-59f427c3b7d3	wikinews	Powrót pociągów na trasę Piła Główna - Wałcz	0
aba28b16-0a75-42a7-bf24-131105059d3d	wikinews	Adam Małysz wygrał sobotni konkurs skoków w Titisee-Neustadt	0
c210af0e-09e9-4b38-b5b4-aae56aaa17e9	wyborcza	Rosjanie weszli do zakładu Azowstal. Trwają ciężkie walki, nie ma kontaktu z obrońcami	0
2f29219d-d3b7-440b-9b68-db7961687d34	o2	Zagadka rozwiązana. Zdjęcie starego kaloryfera obiegło Twittera	1
63b7d7b0-5a45-476e-b89e-ff44fb0fd6e9	pudelek	Siwiec przebrana za pokojówkę!	1
feb95acb-f517-4248-85d2-198103417c6d	o2	Nagi prokurator spacerował po Świdnicy. Taką dostał karę.	1
189f3e46-9fac-4ac6-b25a-a716f365e538	wyborcza	Podsumowanie dnia: 21 października. PE przyjął rezolucję, reżim Asada zbombardował okolice Idlibu	0
4c6b53f4-ddf4-4cf4-bd5c-6350599c8cf2	other	PREMIERA TRAILERU GROMDA 7 już dzisiaj o 19:00	0
885f972d-c9cc-4dc2-81b6-5979695b7602	wp-wiadomosci	Szokujące sceny w szkole średniej. Dyrektor miał chwycić za nóż	1
1ac0ba25-41b0-4ce2-b22e-a4e033d45432	wyborcza	Zatopienie krążownika Moskwa. Niezależny rosyjski portal: Zginęło 37 osób	0
2d9224c8-601a-4cbe-9bb4-cc34d724bb42	wyborcza	Ponad 1,5 tys. budynków w Toruniu podłączonych do sieci ma już włączone ogrzewanie	0
56040f6e-3a10-4ad0-a2a2-e09305bf5d4b	pudelek	Potraktowana wypełniaczami twarz Demi Moore pozuje do zdjęć na pokazie mody	1
38df474c-5de2-42b9-b8e0-93494a9aada6	pudelek	Małgorzata Rozenek pozuje z luksusowym samochodem. "Kiedy mąż daje ci kartę kredytową i mówi: Kup sobie coś fajnego"	1
1c2da928-ff48-4ec9-b5d4-6f5f79fdb1d1	wyborcza	Rocznica powstania warszawskiego. Objazdy i dodatkowe autobusy na Powązki i Wolę	0
93b375c8-6651-42a8-b257-c4aa8de06ffa	space24	Pentagon sprawdzi certyfikację rakiet SpaceX dla realizacji misji wojskowych	0
ccc246db-6678-460e-a288-7ce9505cb941	wyborcza	Kraków zrezygnuje z utwardzonej ścieżki na wałach Rudawy. "Z ogłoszeniem sukcesu poczekamy na zmiany w projekcie"	0
d37b8ff0-ff34-49d5-9238-1752fe6f2b30	pudelek	SŁOŃCE CZY BRUD?	1
1c6950f5-d271-4964-a47c-91b90cd986f2	pudelek	Pochmurna Kinga Rusin walczy z upałem i podjeżdża Porsche na szklankę wody	1
62a4b5a4-9e2a-4ba0-8cd3-b30e9fbeabf0	o2	Znalazł to na polu koło Zamościa. Miało pół metra. Chwycił za telefon	1
119aa5e3-f2d6-4297-aef4-21e2f4083d78	pudelek	Damięcki o "FASCYNACJI" ROSJĄ: "To ona mnie wybrała. Ja się wcale nie pchałem!"	1
acf5899a-79ae-4a24-bfdf-f070ada11444	wikinews	Walki w rosyjskim mieście Nalczyk	0
020d6068-0d87-49cf-9a70-8461cdc7b89a	pudelek	Sablewska: "Zakładam biustonosz, jak chcę czuć się sexy!"	1
33a3ffbc-da92-4aca-9d5d-540a92ef9539	niebezpiecznik	Zaklej taśmą diodę zasilania bo Cię podsłuchają!	1
b9fcf65b-eb99-4ea2-9805-931c5f4f3bd3	pudelek	Biografka brytyjskiej rodziny królewskiej: "Diana CIĘŁA SIĘ ŻYLETKAMI na oczach Karola! Nie miała żadnych zainteresowań"	1
994d8d50-1590-4e6d-8b1e-5bdeaa3569be	o2	Pijany 19-latek rozbił betonowy płot. Miał "ważny" argument	1
7f158e55-a666-4185-81a3-5a5e894e757f	pudelek	Agnieszka Radwańska wspomina ślub, który KOSZTOWAŁ MAJĄTEK: "Płaciłam za prywatność, która też kosztuje!"	1
040e5fd6-2c75-4303-aafb-a49c71672d0f	o2	Blogerka zniknęła w trakcie podróży z narzeczonym. Niepokojące nagranie	1
0c7a3d79-8fa0-4637-a0f2-96751b379c5b	naukawpolsce	EMA rekomenduje czwartą dawkę szczepionki przeciwko COVID-19 dla osób starszych	0
50e407a9-6124-4030-9369-8059fbc94576	naukawpolsce	Raport: w 2021 r. Europa doświadczyła najcieplejszego lata w historii	0
712d6786-bcc1-426e-94a5-bb3175bb10fc	o2	25-latek w audi. Skasował przystanek, potrącił dwie nastolatki	1
18108354-66a4-4683-ba6e-5cdc0c0a2aed	wikinews	Do Ogrodu Zoologicznego w Opolu przywieziono dwa lwy angolskie	0
7f5b08dd-a4c3-4856-a52d-2f30b376dbdc	pudelek	Tłum celebrytów na premierze "Listów do M. 3": Odchudzony Karolak, Dygant, Różczka, Szulim... (DUŻO ZDJĘĆ)	1
5e66ec4a-0717-44b5-bf49-f55c7a51dc00	pudelek	Wygrał w pokera... 65 tysięcy!	1
464d9fab-6292-484f-a9f8-e082cb1d6e73	wpwiadomosci	Ukraińskie służby o Rosjanach: zabijają matki na oczach dzieci	0
c0deebe7-dfa9-44ad-8e29-be2264b03606	pudelek	Szulim o "Azja Express": "Proszenie o pieniądze jest dla mnie barierą!"	1
bc3171f5-3bfa-4858-8ff5-05bffe0cb6e6	o2	Skandaliczne zachowanie opiekunek. Nagranie ze żłobka oburzyło rodziców	1
9aafbf32-90a5-4a1b-87aa-c85cc52e333f	pudelek	GŁODZILI ją i zmuszali do kuracji oczyszczających!	1
3a20bd16-e079-4e73-b075-9a73e4ce176a	wp-wiadomosci	Rosja idzie za ciosem. Czy to koniec francuskiego szampana?	1
f18e0023-41e8-4654-9e0d-884c7a8ed558	wikinews	Simon Moleke Nije aresztowany	0
96223ad2-efce-462f-bf00-34c282cc4095	wyborcza	Pat w szpitalu psychiatrycznym w Kielcach. Większość lekarzy złożyła wypowiedzenia	0
d71d1ac0-102b-4532-8bff-f01b6eec3885	wyborcza	Raport NIK. Ziobro ucieka przed pytaniami. Wójcik atakuje Banasia	1
b1d0efa7-13a8-4890-bcad-2ba1e4f28e6e	wikinews	Jan Mazoch pozostanie w śpiączce jeszcze kilka dni	0
d5d53eed-12ce-417d-8238-8ab6940d709c	tvpsport	Żyła zagrał dla... Francji! Ustalił wynik meczu	1
e9dbc5a0-85da-4c3a-a49d-7d9394707f8d	wikinews	Zbigniew Ziobro przesłuchany w sprawie akcji ABW	0
86949da4-6ba8-4614-bde5-eeefd966aa0b	pudelek	Jessica Simpson jest w ciąży!	1
3edf8965-0c45-4d06-a639-00e5fedb8f43	pudelek	Znamy oficjalną przyczynę śmierci Prince'a! Przedawkował lek przeciwbólowy dla chorych na raka...	1
9d494d5a-6e05-4203-bde6-cfbfbf4a2ac4	wikinews	„Dżentelmeńska umowa” pomiędzy prezydentem i Tuskiem: wybory 21 października	0
37c499b9-bdf8-4eac-8f90-f76fb0bd8f69	o2	Ukryła zwłoki matki w walizce. 26-latka wyszła po 7 latach z więzienia	1
8acd9237-5315-4c32-a8dd-6de3453ed501	wyborcza	Tokio 2020. Wyścig życia polskich kajakarek, Karolina Naja i Anna Puławska mają srebro!	0
85fadafe-51df-4896-8470-54fb2933e5c3	wyborcza	Nie zakłócał mszy, stał z planszą "Piekło kobiet". Za protest w kościele w Koszalinie Tomaszowi grozi więzienie	1
b56f1e15-90b8-4d3f-a6cf-9f0c47555a45	wikinews	Zidane i Materazzi ukarani	0
4e5a043b-fba3-4c71-81ea-9339206dac16	wyborcza	Częstochowa. Policjant z zarzutem gwałtu nie zostanie aresztowany	0
4de98067-ff2c-4c66-849b-d3532173ac36	tabletowo	Sony i Honda będą razem tworzyć samochody elektryczne	0
4e9d9bab-bc65-4ad5-9163-db46f7b4f01f	pudelek	Szyc odchudza się dietą pudełkową	1
57cc0bf8-23d4-4dea-a5d0-f985fc8a23ed	strefaagro	Masz działkę lub ogródek? Te czynności wykonaj w marcu, aby na wiosnę cieszyć się efektami swojej pracy!	1
026ca08f-5bca-4980-b40e-b60dd35d201a	o2	Sezon polowań. Ogromny byk schował się w kościele. Duchowni w szoku	1
802f84b2-3014-440a-b71b-2e2192e142ad	pudelek	Była przyjaciółka Ivanki Trump obnaża jej PRAWDZIWĄ TWARZ: "Dlaczego miałabym chcieć czytać o PIEPRZONYCH BIEDNYCH LUDZIACH?"	1
33c2de1c-aede-45f5-ad25-62f0395308a5	wp-wiadomosci	Powiedział, że nie lubi żeberek, więc go zabiła. Koszmar na Pomorzu	1
0eeeba74-d014-4812-b83f-8a85a6bef620	wyborcza	Najlepsi maturzyści w Polsce na gali w Rzeszowie. Egzaminy zdawali na 100 albo na prawie 100 proc.	0
2e473052-0aee-4bf0-83bb-8e00d083d686	wpwiadomosci	Polskie czołgi w Ukrainie. Generał ujawnia konkrety	1
d90539af-a1c2-4896-b328-fafa26d4fbc6	o2	Hańba w Londynie. Skandaliczne odkrycie w telefonach policjantów	1
abbecd1a-fee4-4aa1-bf26-6f7b3e9a65ee	wyborcza	Korki na bramkach autostrady A1 i Półwyspie Helskim	0
671c3b59-9607-4d9e-8691-67aa13cdc136	tvpsport	Praca dziennikarza a wojna. Alarm? Biegnę z laptopem do łazienki	1
9ee8c492-e18e-47fb-9abe-d1a1ba74e1eb	o2	Dramat Adama z Podkarpacia. Zamknięcie serwisu Roksa.pl zniszczyło mu życie	1
94e1fdbe-0819-4f67-82c3-14bd321b47a6	pudelek	Emily Ratajkowski pozuje dla "Vanity Fair"!	1
0b137cba-aa79-45ec-a7c5-7a40b68d1363	naukawpolsce	Rada Narodowego Centrum Nauki krytycznie o projekcie ustawy o Akademii Kopernikańskiej	0
74252f6c-6f28-43f9-96aa-0def9a740573	wikinews	Bazylika Narodzenia Pańskiego w Betlejem na wniosek Autonomii Palestyńskiej na liście UNESCO	0
4390c73e-26e0-488d-81cd-99b168a54259	wikinews	Agora uruchomiła internetową platformę radiową	0
2d92597f-87c1-45d4-a3cb-0c5c2da9826a	wikinews	Węgry: w Budapeszcie i Szeged odbędzie się 15. Polska Wiosna Filmowa	0
ce2a9daf-3551-45e5-8e07-5c791d0dc381	space24	Pomyślny start misji załogowej Crew-2	0
29d2a462-9f65-43d2-8d40-0ae84274b5cc	pudelek	Mariah Carey nie chce pomóc umierającej siostrze!	1
6589387b-33b9-4bc9-a1cd-50d2bce6a43b	wyborcza	Prezydenci apelują: - Trzeba jak najszybciej zmodernizować autostradę A4 i wybudować drogę S5	0
40b77307-c2a2-4fa7-a6c8-6bb7d87c2e02	wikinews	12-letni chłopiec z daltonizmem po raz pierwszy w życiu zobaczył świat w kolorach	0
724c7683-de74-451d-86f7-4b1545ba1000	wyborcza	Katarzyna Zillmann, srebrna medalistka olimpijska, zrobiła coming out na antenie TVP	0
6725c065-4388-44cf-9788-e6c7bca11873	o2	Pilna decyzja ws. szczepionki na COVID-19. Chodzi o preparat J&J	1
3a2902a0-4120-4cee-8b42-7e3d2c85d0b1	pudelek	Magda Gessler zachwyca się marihuaną. "Jest lepsza od papierosów i EWIDENTNIE WPŁYWA NA HUMOR"	1
a5507535-2011-4390-92f4-a39e924db255	pudelek	Pawlicki i Więdłocha już gotowi na mrozy: ubrani po szyję "hartują" się w Parku Skaryszewskim	1
9befaf9e-c6f3-4207-b3d5-7dc8d03472ef	wikinews	Obchody 82. rocznicy wybuchu drugiej wojny światowej – złożenie kwiatów pod Pomnikiem Obrońców Wybrzeża	0
5613c941-e7e5-40ac-880a-c8cd85d3aab6	wikinews	Porozumienie VW - IG Metall: Koniec czterodniowego tygodnia pracy	0
8127a4ee-af8f-4a6d-974e-be6e2ec16208	pudelek	Syn księcia Harry'ego i Meghan Markle ma TERAPEUTÓW?! "Dbają, by rozwijał się w PONADPRZECIĘTNYM TEMPIE"	1
67b64b02-e80b-409f-bd39-5c820bc3a706	wikinews	Pakiet pomocy od rządu dla Stalowej Woli	0
cef50fe4-1c3e-4468-a1fa-8a050c876d1e	pudelek	Ciężarna Zielińska nagrywa płytę!	1
3eb9a766-d040-4559-816e-7ce85beddc49	pudelek	Tobey Maguire rozwodzi się po 9 latach małżeństwa!	1
b37b9858-17ec-4621-96e7-36f9a6b79751	naukawpolsce	Badaczka z Politechniki Gdańskiej poszukuje syntetycznych alternatyw implantów kostnych	0
a9f1754a-a35f-494c-8b7a-782ec7c67fd0	space24	USA: Powołano Space Development Agency	0
c02e985b-383c-4251-8f9b-ed1046451386	pudelek	Nawiedzony dom ofiar sekty Charlesa Mansona sprzedany za 2 miliony dolarów	1
bfcfed3e-4492-4264-bee1-47724cf6d6d2	pudelek	Książę Harry zmienił wizerunek? "Wyglądało, jakby miał KUCYK"	1
c23cd22a-79ac-459e-8740-8a2d96c7aa4f	other	Śmiertelnie niebezpieczny. Może zaatakować w Wigilię o godz. 22:00	1
b504ad78-bff0-4b99-88c4-f9844f4e5cf6	strefaagro	Wywłaszczenie bez tajemnic. Na czym polega, ile wynosi odszkodowanie i czy można uchronić się przed utratą nieruchomości?	0
faa43502-6cb3-4145-8a63-bbc95aba34b4	pudelek	Roksana Węgiel zaskoczyła fanów. Nastoletnia gwiazda wbiła szpilę Edycie Górniak?	1
11db7da4-91c3-413d-ae12-5cd014896702	wpwiadomosci	Ciężkie walki o Azowstal. Rosjanie przebili się na jednym z kierunków natarcia	0
c0e12305-0988-4f07-8d2a-5048ae86d4a4	o2	W 2016 stracił wszystko. Jedno spotkanie odmieniło życie bezdomnego	1
c603fd92-fc8b-4283-9c51-2ef1fd09d738	pudelek	Herbuś: "Korwin-Piotrowska używa słownictwa Z MARGINESU!"	1
82276781-cd8d-40ad-a949-83405c2253cc	pudelek	Oscary 2021 - wyniki: Frances McDormand i Anthony Hopkins najlepszymi aktorami, "Nomadland" najlepszym filmem	0
485ddb59-d46d-4ad3-91af-46ac813785ab	wpwiadomosci	Okręt Ysabel dopłynął do Gdyni. Na pokładzie sprzęt dla Ukrainy	0
478d1366-7ebb-4df1-bf69-62b700d2abcf	pudelek	Trump atakuje Johna Legenda i Chrissy Teigen na Twitterze: "Nudny artysta i jego żona z niewyparzoną gębą"	1
13b659a9-3cf2-4d6e-9ef5-a3aba5dff303	wikinews	Powstała Fundacja OpenSocial	0
b000d70f-3b33-46f3-8d3c-ac81e196be27	pudelek	Pawlikowski o swoim przemówieniu oscarowym: "TROCHĘ TO ŻENUJĄCE"	1
2ed7f26b-c4ae-4c39-96ef-62043c536ee7	o2	Nie żyje znany muzyk. Koncertował m.in. z Ewą Bem. Miał 69 lat	1
aef26926-3dac-4cbc-9b84-05db6d9c503f	wikinews	Komisja bankowa przesłuchała Ryszarda Pazurę	0
c19c6a00-c1d2-46bc-9076-3f6156b38648	pudelek	Dorosła Oliwia Bieniuk zasłania piersi ręką podczas "odważnej" sesji (ZDJĘCIA)	1
c1d2e30a-03aa-4664-aee4-84436f447b62	wikinews	Marek Dyduch odszedł z SLD	0
b27b4a8d-cb8e-4d35-aa91-dcf54976730d	wyborcza	Wybitny kompozytor ocenzurowany. Bo zacytował Kaczyńskiego w koncercie fletowym	1
c2df38da-cf3a-4ab4-90db-18440f139584	wikinews	Berlin: protest przeciwko podwyżkom czynszów i gentryfikacji	0
26314482-86f7-4d08-97bc-7b1ad4f597a8	wyborcza	Kuba. Legendarny opozycjonista Guillermo Farinas aresztowany	0
90966e93-a28f-430d-b14a-10e3ee2de561	wikinews	Polskie Towarzystwo Informatyczne włączy się w poprawianie Wikipedii	0
1a7d8e01-b400-4d71-ab27-261057291bbf	pudelek	Zobaczcie, jak wyglądały pozostałe suknie ślubne Rozenek	1
fcbf0b08-d284-4e82-b299-324892e00636	wikinews	Grabownica Starzeńska: motorowerzysta wjechał bezpośrednio przed jadący pojazd	0
33039f4f-0b11-4409-b40c-34abcad82190	wpwiadomosci	Kontrowersyjny pomysł Ziobry. Stanowcza reakcja rzecznika rządu	1
30d01f37-c71a-4f7f-a5f4-30e50f6bbc0d	pudelek	Ślub od pierwszego wejrzenia. Karol i Laura są PARĄ! Przyłapano ich razem galerii handlowej (FOTO)	1
bf4670ac-7965-4dac-a541-48a36240a333	pudelek	Jennifer Aniston i Brad Pitt jednak SPOTKALI SIĘ po Oscarach! "To była emocjonująca noc"	1
69569dbe-a58d-441a-89b1-77732c51db7c	wyborcza	Miał być Hilton i Starbucks. Są Żabka i e-papierosy. Co się dzieje z Hi Piotrkowska?	1
2964f161-b897-4945-9e3f-37bc90207e4c	wikinews	Warszawa: V Konferencja Ministerialnego Procesu Ochrony Lasów w Europie	0
1ae94c84-417c-428e-bf98-dff5f242ed57	wikinews	Ogromne spadki na warszawskiej giełdzie	0
356c7856-eb8c-47c2-89f9-71316f734e8a	wyborcza	Na plażę w Newcastle sztorm wyrzucił ogromny statek	1
09845a5f-6326-4fee-b0a5-0c8f0ba72e83	wikinews	Dawid Krupa wygrał wyścig kolarski Tatry Tour 2007	0
cecbe2f6-7e0e-4495-8c8d-8477820f13d9	wikinews	Chiny: płonął portret Mao Zedonga	0
c80a52f2-4506-45d9-80ef-e9affc4819c8	pudelek	Magda Gessler: "Nigdy w życiu nie robiłam sobie nic na twarzy"	1
8ef515b9-4257-4dc3-97b8-26a46309a501	pudelek	Majdan dał się sprowokować kibicom!	1
61e5ed36-850b-4479-b434-1679a234a375	wpwiadomosci	Tak Kurscy spędzili majówkę. Wydarzyło się coś niespodziewanego	1
669bfc79-9fa3-4dcc-b551-1b546a1c5a44	wikinews	Cristiano Ronaldo zdobywcą Złotej Piłki FIFA 2014	0
876ee745-0d13-4246-a14f-d332191acc9d	tvpsport	Alessandro Chiappini: marzę o zostaniu selekcjonerem polskiej reprezentacji	0
aa9d8c29-a863-48de-b5fc-7b766cc935f3	pudelek	Kibic chciał uściskać Szczęsnego, a on... bronił go przed ochroniarzami!	1
e533fbda-0e11-49d3-8ad6-55cdc930877d	wikinews	Tenis, Poertschach: czwórka najlepszych	0
0fa22cf6-5bf5-464b-9d66-edcc08a7eb84	wikinews	Francja: trwa druga tura wyborów parlamentarnych	0
4c63a793-321b-4158-8d39-47e94fbe5ec2	wikinews	USA: Przed Pentagonem doszło do strzelaniny	0
4e8322bb-2226-4992-bad4-ddc36d8d1c3f	pudelek	Tori Spelling strzela GROŹNE MINY po spotkaniu z niewiernym mężem (ZDJĘCIA)	1
fa5271b5-7bed-4749-8fa7-35a3edce670c	tabletowo	40 GB GDDR6 w Xboxie?!	1
67a06018-5444-494e-bbe4-d93063ea2352	pudelek	Królowa chce, by na pogrzebie księcia Filipa wszyscy royalsi wystąpili w GARNITURACH. "Istniało ryzyko PRAWDZIWEJ ŻENADY"	1
029d310a-c3a4-42c9-abc3-94381d4aca10	space24	Raport klimatyczny: lipiec 2019 najcieplejszym miesiącem w historii pomiarów	0
e48d9546-173a-4067-8471-2e3ede192c87	wikinews	Irańska reakcja na skierowanie sprawy programu atomowego do Rady Bezpieczeństwa ONZ	0
5a7a935d-4d4b-4ed4-9cc9-5e29df04ae4e	wikinews	Bayern Monachium awansował do finału Klubowych Mistrzostw Świata 2020	0
b3c9dd4c-2563-469a-b80c-6293dbf5bc6b	pudelek	Rolnik szuka żony. Magda jednak znalazła miłość? Internauci sceptyczni: "Taka wymagająca, a tu TAK SZYBKO"	1
b926653f-95b8-465d-8feb-8f95bcf73bcb	wyborcza	Emeryt z Częstochowy doniósł do prokuratury na prezes SN Małgorzatę Manowską i założyciela Ordo Iuris	0
5165af20-9626-4c16-8baf-6d7c35492a1c	pudelek	Kinga Preis W MOCNYCH SŁOWACH o Pawle Kukizie i TVP: "Codziennie przeżywam jakiś rodzaj UPOKORZENIA"	1
cb8f4dc0-13c5-43a4-848d-0840621a667b	wyborcza	Sondaż Kantara. Większość Polaków uważa, że sprawy w kraju zmierzają w złym kierunku	0
f088ff5b-6448-4baa-bdfe-92c66dbb2f27	wyborcza	Chełmno. Najdłuższe w Europie mury obronne na razie nie będą naprawiane	0
d47c9634-8d96-4c58-ae4f-8d70728405a4	pudelek	Julia Wróblewska pozuje bez stanika i reaguje na OBRZYDLIWE komentarze.	1
bfbf9a3b-2cad-4575-9249-037c2a1d7299	other	Bolesław Ciepiela nie żyje. Znany zagłębiowski pisarz miał 90 lat	0
4d00e7e5-d5eb-4586-8f9c-d75e9e787e00	wikinews	Warszawa: próba generalna przed Świętem Wojska Polskiego	0
33c29a63-169e-471c-8ef8-2c32430d1f2a	wp-wiadomosci	Kiedy zerwali asfalt, od razu wstrzymali prace. Niezwykłe odkrycie	1
2185e3b4-b617-4962-b955-4bad1636409e	wikinews	Kolegium kardynałów: pogrzeb papieża w piątek	0
b710c8ce-ea59-4b45-9589-1dfa779f42cd	other	Miłość, seks & pandemia. Jest ZWIASTUN nowego filmu Patryka Vegi! 	1
c259454f-02d5-4e24-8658-6c99ca5d7a4b	space24	Finał deorbitacji masywnego segmentu chińskiej rakiety	0
133953ab-9b89-4827-bf38-5d010258450d	wikinews	Bezpieczeństwo komputerowe: ze względu na włamania Google zabroniło swoim pracownikom korzystania z Windowsa	0
4057bbf4-5bf3-4fa8-a282-554ebf271b0d	wpwiadomosci	To będzie miało wpływ na Polskę. Były ambasador o zmianach we Francji	1
49ad9d50-5976-4323-adeb-46c558dfcc6c	o2	Była minister z PiS poniżona. Piotr Kraśko okazał się dla niej bezlitosny	1
f220d6ad-18b0-4fdd-a29e-cbbdcb69da15	o2	Matka ostrzega rodziców. Mówi co COVID-19 zrobił 3-letniej Angelinie	1
fdcc8911-39f4-4e41-8b77-fd2320a6b90d	wyborcza	Poseł opozycji o podwyżkach mandatów: "Ziobryzm w czystej postaci"	1
714e768d-e540-4a59-bc0a-c806ff42f2fe	other	Łącznie zrzucili ponad tonę! Zobaczcie spektakularne metamorfozy gwiazd 	1
06d60b13-cd40-4809-8e8a-07478ae66276	o2	Pszczyna. TVN ujawnia SMS zmarłej kobiety. Pisała je do swojej mamy	1
f8342090-0a12-4967-8767-5f160371ed24	wikinews	Projekt nowelizacji ustawy o promocji zatrudnienia i instytucjach rynku pracy	0
caba5b33-6d17-4c04-92f6-b2d0b7b2764c	naukawpolsce	Prof. Rejdak: wstępne wyniki wskazują na trend w kierunku skuteczności amantadyny	0
6c0cf324-f4e1-48b2-bf35-c5abd91b8aed	wikinews	Sandomierz: Pielęgniarka w szpitalu zakażona SARS-CoV-2	0
ebfdb955-9191-4f40-9489-366264cf9482	wyborcza	Tour de Pologne. Joao Almeida najmocniejszy w Przemyślu, Michał Kwiatkowski czwarty na II etapie	0
4b157b9a-d1fa-47c7-956b-62336c42d116	other	Żona złożyła wniosek rozwodowy dzień po ślubie. 23-laka nie żyje	0
582a5776-0a15-41f1-b570-267cc4e2af76	wyborcza	Wigierski Park Narodowy. Wyrżnięto "Babę" i inne wiekowe jesiony. Bez specjalistycznych badań	0
c4a993b4-ce75-4829-9678-320210a91154	space24	Centrum Technologii Kosmicznych - nowa jednostka AGH w Krakowie	0
9bc31d94-8bbb-475e-ad78-76768692084a	tabletowo	W tym roku zostanie wycofany ostatni iPhone z ekranem LCD i notchem	0
8b55320a-e481-434b-9211-44a28ff833e1	space24	Polacy dalej udoskonalają kosmiczny metr z Sèvres	0
0c180863-4c8d-4cc7-8a41-63552ff355bf	wikinews	Ścieżka rowerowa z paneli słonecznych	0
84d452a9-fcb8-48da-b3d2-c286dac94ac9	tvpsport	Szkoci wybrali piłkarza sezonu	0
061b2bec-0be9-4c98-814c-9b883d18f300	wyborcza	Władze Sądu Okręgowego w Krakowie pacyfikują sędziów, którzy odmówili orzekania z osobami wybranymi przy udziale neo-KRS	0
667c8b2d-a9ad-4d86-8017-1debd12133d0	other	Tak wygląda raj, w którym zamieszkali uczestnicy 3. edycji "Hotelu Paradise" 	1
aca349e1-53b3-4d8e-a7fd-80ebc06ae101	wyborcza	Były sekretarz obrony pozywa Pentagon. Poszło o książkę o czasach Donalda Trumpa	1
d41b4c49-7574-4978-94f2-f1c11bf89f28	pudelek	Ekskluzywny Menel WYDAJE KSIĄŻKĘ! "Zmienił wizerunek współczesnego mężczyzny!"	1
6420b73a-85c2-45a2-af0d-bea0ef4db882	pudelek	Britney Spears chodzi w KOMINIARCE i kuli się pod ostrzałem paparazzi (ZDJĘCIA)	1
46dc5b8f-3cf8-46cf-9815-bb5644b362b1	wikinews	Gdańsk: otwarcie wystawy „W-gallery 03”	0
9e410349-7897-4823-9011-3385800681b3	wikinews	ESRB: dwukrotnie mniejszy odsetek gier dla dorosłych	0
15f95226-4184-4a3a-8fd8-f92929a0103d	naukawpolsce	Prof. Szuster-Ciesielska: leki doustne przeciwko COVID-19 mogą uchronić przed hospitalizacją	0
541c4af3-498d-4917-aac9-ee2bee8900a6	other	Wójt Żelazkowa zaatakował dziennikarzy. Miał prawie 3 promile	0
f261317a-c93b-482f-8d54-a48e2dfc9977	wikinews	WYSIFTW: nowe narzędzie ułatwiające edytowanie stron wiki	0
ce9ca30a-4420-48f1-8ce5-11373286f694	wyborcza	Przyspieszone wybory przesądzone?	1
b6aea804-cef9-47c2-a0ba-6dcfc612e5bb	wikinews	Zmarł Laureat Nagrody Nobla Arthur Kornberg	0
c4be86ac-6489-4fc5-a00f-91de8377314a	wikinews	Trwa budowa łódzkiego aquaparku	0
249c4dc7-853f-484c-adf6-bd69b1a5f623	o2	Ludzie zdębieli po tym, co zrobiła Olejnik w TVN24. "Niestosowne"	1
48a2beee-50d2-4a9c-bae2-d0bb52f61628	wyborcza	13. emerytury w tym roku bez podatku	1
adc678e5-62f1-4247-a7c5-8320f415cab3	space24	Stacja Tiangong-2 przestała istnieć. Zamierzona deorbitacja nad Pacyfikiem	0
9c6bc35a-c77d-4af1-926e-1073eac31873	tabletowo	Kia potwierdza nowy, elektryczny model w gamie na przyszły rok	0
5cc5a65a-c5e7-4f7b-bd9e-64391371fdc5	pudelek	Tomasz Kammel ogłasza, że nie będzie miał żony! "Kiedyś myślałem, że coś jest ze mną nie tak"	1
65d977d8-d738-45de-b374-98e3f9ba54b0	wyborcza	Szef bojówki Lecha Poznań ucieka przed więzieniem. Zaskakujące uzasadnienie	1
9f4d0c0e-cff1-4e60-b952-16266f59ba9f	pudelek	Tokio 2020. Polska wioślarka-medalistka dziękuje SWOJEJ DZIEWCZYNIE na antenie TVP!	1
46eacda4-5eb8-4274-aafd-c10a97788c24	o2	Afganistan. Nieoczekiwany ruch talibów. Zakazują takich małżeństw	1
c651fc01-8e23-46c1-8880-df52a500ff4b	pudelek	Dagmara Kaźmierska kupi Conankowi MIESZKANIE! "Co za różnica, czy dam mu to teraz, czy dostanie, jak zdechnę?"	1
9564f3be-ecb8-449c-948a-8ee6fa9ab795	wikinews	Szwajcarzy decydują czy otworzą swoje granice dla 10 nowych członków UE	0
389e105c-a979-4eea-b595-12c0a60d153f	o2	13-latek uciekał policji w seicento. Nagranie z Sosnowca podbija sieć	1
1ec00ced-1be0-4832-8ded-ecaad94f0026	pudelek	Matura 2021. Oliwia Bieniuk, Xavier Wiśniewski i Tomek Malcolm zdają egzamin dojrzałości. Kto jeszcze?	1
9654c43d-341c-403c-8ae2-8a0c6a7512be	pudelek	Justyna Steczkowska wspiera leczenie chorego chłopca: "Razem możemy tak wiele za tak niewiele"	1
85f6f4c8-f465-4733-9a1e-4c767af32e14	wp-wiadomosci	Uczniowie śmiali się z prezydenta Dudy. Nauczyciel wpadł w furię	1
856da2da-b86a-4e30-85a1-eb9e4a10940b	pudelek	Tak wyglądają kulisy sesji Margaret!	1
4faf2153-13e0-487d-87af-f7e6b101b785	pudelek	Paulina Papierska z "Top Model" URODZIŁA! 	1
8439f71b-c361-4905-b050-f3de1a3ac73f	pudelek	Karolina Pajączkowska w kreacji z odkrytymi ramionami FLIRTUJE z obiektywami na premierze 	1
03cb60f0-4b7d-4005-8c5e-09b183db3730	pudelek	Poznajcie Ashley Biden - córkę Joe Bidena, zaangażowaną działaczkę społeczną i miłośniczkę zwierząt (ZDJĘCIA)	1
71f084cb-4f68-41f5-a531-09c446ba9dcb	wyborcza	41. rocznica podpisania Porozumień Sierpniowych w Gdańsku. Wśród gości Vera Jourová i Żanna Niemcowa	0
2fcac532-7310-4ff6-a7a0-7a46aa4f39d3	wikinews	Jutro rozpoczęcie Wimbledonu 2014	0
5ff92aa7-1b7c-4bf4-bbcb-6368b647e6d6	pudelek	Halle Berry i 30-letni model Versace	1
a65c85da-7347-493a-8634-b4f00ba50d37	pudelek	W tej samej sukience na dwóch imprezach	1
c4c005fb-1a95-4ecf-be91-6eca43042814	pudelek	Nowe informacje o stanie zdrowia księcia Filipa. Głos zabrała Camilla Parker Bowles	1
733b5143-0eeb-4dcd-b607-a1bcb527ea8a	tabletowo	World of Tanks opuszcza Rosję i Białoruś	0
d22ed1e1-4945-4c92-9d5b-3ccfb84f86dc	wp-wiadomosci	Minibus bez kierowcy będzie za darmo woził pasażerów po cmentarzu w Gdańsku	0
136e8d75-5e66-4f18-af52-635714ef278e	other	Córka pozwała lekarza matki za to, że się urodziła. Jest wyrok	0
13aa4472-a3a9-4e4f-bfe6-fe586a2345ca	wpwiadomosci	Akcja w kopalni Zofiówka. Zlokalizowano sygnał z czterech lamp górników	0
6acdc842-cb07-42c9-8a43-0ce5a25cfe2d	other	Śląskie. Wszystkie linie i godziny odjazdów  w telefonie, nowa aplikacja już dostępna	0
415fcc55-5d5a-43f3-bfd7-75cfb1554324	wikinews	Koronawirus – 6 marca 2020	0
9a8a6319-4f85-40d9-ae71-b75913996c22	wikinews	Małopolski Wyścig Górski 2006: Marcin Sapa wygrał 1 etap	0
f92be8a1-2b82-4fa0-8936-1d3577ad6515	o2	Elżbieta II zdetronizowana. Ten kraj właśnie stał się republiką	1
6b808c7f-6288-40ea-b2cf-0670b023b55c	pudelek	Doda boi się, że będzie zdradzana w burdelach!	1
0e23a600-d543-4626-9d8f-e7d112708071	pudelek	Niepokojące wieści o królowej Elżbiecie II. Odwołała podróż z POWODÓW ZDROWOTNYCH	1
6ef88643-3b18-40f2-b265-a4368443fb4a	pudelek	Modli się i medytuje	1
0106a652-672d-4ecc-a18f-2b7db2ca560a	pudelek	Kammel boi się Rozenka!	1
c30d3d4c-0298-4f64-b07f-8604a1848dde	wyborcza	Movember. Pamiętasz o przeglądzie auta? Nie zapomnij o jądrach	0
14ab1aef-ee23-4065-939b-cdae3fe7666f	wyborcza	Słynna krzywa sosna z Falenicy ocalona. Spółka PKP rezygnuje z jej wycięcia	0
2e5e508b-2b79-47e1-9243-4d7d091c8cca	pudelek	Polacy o zamachu: "Otworzyliśmy okna i usłyszeliśmy syreny. Klub Bataclan był 750 metrów od nas"	1
628e5956-76e6-400c-85a7-5f5659fce15d	pudelek	Oto Nina Bo'nina Brown, uczestniczka "Rupaul's Drag Race", która podbija Internet swoimi oryginalnymi charakteryzacjami	1
cf9a578b-fd00-4f0e-bec9-43c6c6c97bba	wyborcza	Wystawa Expo w Dubaju otwarta. Pawilon Polski inauguruje praca Leona Tarasewicza	0
00273841-fd32-415f-a8b6-44f991f33a5b	wikinews	Ryōyū Kobayashi wygrał pierwszy konkurs na skoczni w Planicy podczas zawodów Pucharu Świata w sezonie 2020/2021	0
2aef9f2a-6d55-4ffa-a89f-dae677aee9b9	wikinews	Michał Pazdan zawodnikiem Jagiellonii Białystok	0
d20491b3-6df1-4007-81fa-0028517f515a	wpwiadomosci	Przesłanie lekarza z Mariupola. Powiedzcie mojej mamie...	1
bbffec0c-87db-4662-827e-084310be55c3	pudelek	Ramówka TVN. Agnieszka Woźniak-Starak zadaje szyku CAŁA W DŻINSIE (ZDJĘCIA)	1
05f9ddc5-77c3-4ff5-badb-c3ca3da79913	wyborcza	Trzecia dawka szczepionki dla kolejnych osób. Jest rekomendacja ekspertów premiera	1
60545932-292c-43ca-89ee-22991d264096	wikinews	Prezydent u Polonii w Chicago na koncercie „Polska dla Chicago”	0
f8ba9762-7f9c-4442-941b-6bd96549b390	wyborcza	11 listopada kobiety staną twarzą w twarz z narodowcami. "Oddaliśmy to piękne święto neofaszystom"	1
0d4b2581-a958-48d1-b4c0-76381e16d2db	pudelek	Premiera NOWEGO ALBUMU BEYONCE już 24 listopada!	1
a20fb298-f21e-4fd0-a584-abc1665b4567	wikinews	Lewis Hamilton zwycięzcą Grand Prix Bahrajnu	0
8fc2a841-07fd-4dc1-aa50-5e8e8b457791	o2	Mina mordercy mówiła wszystko. Wstrząsające nagranie policji	1
44188ee8-0348-4c13-be28-62dcb5eb54f1	wpwiadomosci	Znane centrum handlowe w Krakowie będzie zburzone. Skrywa prawdziwe tajemnice	1
aeaa74b9-7a09-48b9-8b3a-fdf1f428f733	wyborcza	Chełmno. Przy przejściu dla pieszych samochód potrącił dziewczynkę	0
4fc895a1-afa6-42c0-8df7-223a3d0281cf	wikinews	Nowy Jork: Ryszard Horowitz otrzymał złoty medal "Zasłużony Kulturze Gloria Artis"	0
1f2e4653-48d0-4e30-ab34-bfcf4f78d63c	o2	Budowlanka na krawędzi? Trzy typy firm rzeczywiście mogą mieć problem	1
f7d6bc16-fa4e-48a2-a7a4-1246f2f11684	wyborcza	Hakerzy kontra sąd. Testowali bezpieczeństwo, ale trafili za kratki	1
521a2685-5732-49b5-a615-10f9f28f1b98	wyborcza	Nowy Sącz. Mężczyzna podpalał wózki dziecięce na klatkach schodowych bloków. "To recydywista"	0
f2bf371e-9ff7-4e17-b70f-975ca3489551	pudelek	Ciacho Tygodnia: Surfujący model Marlon Teixeira (DUŻO ZDJĘĆ)	1
3ca03428-ecef-4dcf-8840-80b26f9bb56c	pudelek	Ewa Minge broni Kingi Rusin i chwali się swoją imprezą z gwiazdami!	1
89704578-f38f-4ac1-b3c7-c43b1f83a720	wikinews	Białoruś: 892 nowe ogniska koronawirusa	0
fba5e15d-9fe0-4517-bfe7-52e58adc3ea8	wikinews	Szkolenie dotyczące Otwarych Zasobów Edukacyjnych w Krakowie: zapowiedź	0
9b026fc4-2efa-492e-87bc-497ca337bb89	pudelek	Gwiazdy pozują na gali w Nowym Jorku	1
6b7b445f-ca23-4c64-8fc0-d25fcbd27bc3	other	Sylwia Wysocka usiłuje dostać się do domu w asyście policji 	1
bef2aaa9-3f6c-4292-8ca8-465b9d938fa8	naukawpolsce	USA/Badanie: po 7 miesiącach skuteczność szczepionki Pfizera przeciwko COVID-19 to 66,6 proc., Moderny 80,3 proc.	0
b1da275e-22d0-42f8-9f3d-9a29126b69e2	o2	Tak 14-latek uczesał się do szkoły. Nauczyciele byli zbulwersowani	1
9b976eb4-e2fe-4ecc-b59d-6f128304b0d5	wikinews	Lekarze z WUM-u przeprowadzili pierwszy w Polsce zabieg udrożnienia żył kończyny górnej z użyciem systemu AngioJet u pacjenta pediatrycznego	0
10ce2cb5-921c-4fc6-9570-5dd419268219	tabletowo	OPPO zaleje polski rynek kolorowymi smartfonami z serii Reno 7	0
1f7f246a-7e21-4dd7-b0c4-2d941f18d890	pudelek	Chce być bardziej obecny w życiu Hanry'ego!	1
8af02164-78cd-444c-b064-53ab38b674a9	pudelek	Chodakowska znów pokazała sutki…	1
aa6589e0-05e0-4250-9d2b-8210d64c0af2	wikinews	Lech Kaczyński i PO zwycięzcami majowych sondaży przedwyborczych	0
9585741a-c3fd-4299-87d9-6d207e881ef9	wyborcza	Iga Świątek znów przegrała z Uns Dżabir. Nieudany powrót Polki po igrzyskach w Tokio	0
1bf4082f-1821-418b-a966-950431c5500b	niebezpiecznik	Spłonęła serwerownia OVH	0
a16932ee-4dc5-4771-babc-38152c64b308	pudelek	Teściowa Szulim "zainspirowała ją". "Chce prowadzić fundację sygnowaną nazwiskiem bogatej rodziny"	1
e4f17eea-ce00-4a26-85ed-18018d658f70	wikinews	Mistrzostwa świata w piłce siatkowej kobiet: „dzika karta” dla Polski	0
a63251f9-c951-4a77-8927-b6fe727b4095	wyborcza	Odciski dłoni i stóp sprzed 169-226 tys. lat. Czy to najstarsza na świecie sztuka naskalna?	1
281173f2-55c9-4f8d-8bac-1aa21cc4f929	wikinews	Wiceprzewodniczący Trybunału Stanu nie żyje	0
27479db8-d0b2-4923-b94e-d85905734d48	pudelek	Katarzyna Warnke staje w obronie gejów z reklamy prezerwatyw!	1
f2643702-afff-41aa-ab21-f9d1ea25a372	wyborcza	Wakacje 2021. Kolejowe wycieczki wokół Warszawy: dla rowerzystów, piechurów i do tramwaju konnego	0
bbee7438-63dc-4d61-aba5-b86dfef61c0c	wikinews	Boronów: Odbyła się druga edycja Boronoff Rock Festiwal	0
88c386d9-ded3-42fa-a27e-40b00844ca01	naukawpolsce	Politechnika Warszawska przechodzi na zdalne nauczanie	0
521171c1-6b7c-4e4c-89fc-4808a5a65ee2	wikinews	Działacze Greenpeace wdrapali się na komin Elektrowni Bełchatów	0
5565db9e-0770-4a29-a42d-7074596e8761	wikinews	Katowice: eksmisja czeczeńskich uchodźców z Załęża	0
93d685cc-1649-454e-94ca-fc7588ddaada	space24	Udane testy systemów ratunkowych statku Orion	0
22f62e91-2b2b-42cb-bb84-accbcb3f59ac	wyborcza	Dwa oddziały nie działają w szpitalu w Toruniu, bo brakuje kadry. Dyrekcja pilnie szuka lekarzy	0
1a8991e8-f5dd-4c49-838f-ff122d70ca97	wyborcza	FBI oskarża północnokoreańskich hakerów o kradzież 620 mln dolarów w kryptowalutach	0
d609f2e8-b200-437b-a547-dd49b533ec50	o2	Niecodzienny uciekinier. Złapano go w Karkonoszach po 4 miesiącach	1
3d1a6ff8-5c94-40be-aaf8-d5a7bc047fce	pudelek	Rozbrykana Anna Samusionek morsuje na sucho POKAZUJĄC ŁONO (ZDJĘCIA)	1
2cb5bba7-2234-490a-a373-b51bff0f1331	pudelek	Małgorzata Rozenek zajada się pizzą i tuli Radosława Majdana na randce (ZDJĘCIA)	1
68eae624-2ca7-48c5-8b2c-a982b85b015e	wikinews	Czechy: wypadek Kuzaja w rajdzie - dwóch kibiców nie żyje	0
2abe5c37-0897-46d2-9731-72aa16d20048	wikinews	Fidel Castro wydał oświadczenie z okazji Nowego Roku 2007	0
41213e2e-c2a1-4f1c-a4ba-7f7cfd621a41	wikinews	Śrem: 17 kwietnia początek II Festiwalu Kina Alternatywnego	0
26957afc-b4b4-4989-b059-11ee6eda8ae7	pudelek	Pippa Middleton jest w CIĄŻY!	1
44877bb2-87bf-41ce-8e0e-e637658c9bc4	tvpsport	Porażka obrońców tytułu. Wyrównany stan rywalizacji	1
c8cc52ad-2f39-4881-8fc2-024dfa254cec	naukawpolsce	Zmarł prof. Zygmunt Woźniczka	0
4e67d40a-c2df-4635-aca9-1409388910ac	other	Nieletni złodzieje w Wielkopolsce. 9-latka wynosiła ze sklepu zabawki	0
18e17312-d5bf-48f7-b491-bf7ca2c066a0	wyborcza	Czworonożny wieloryb z Egiptu. Naukowcy odkryli przedziwnego morskiego ssaka sprzed 43 mln lat	1
9de13b68-85a7-4001-805a-fb7e8fec6e72	wyborcza	Wypadek pod Poznaniem po policyjnym pościgu. Spalone auto, nieznana liczba ofiar	0
b5f6f2f6-83c7-4c06-bf3b-ecc568ded0f4	wikinews	Kolarstwo: Rund Um Köln odwołany	0
521b28c8-e867-4694-a741-8102c49c83f9	wyborcza	MKOl rezygnuje z testosteronu jako wyznacznika płci dla kobiet trans i z zaburzeniem rozwoju płciowego	0
8155ec2c-0fdb-44f8-aef2-f7923da8bfe6	space24	Portal dostępowy do danych satelitarnych Sat4Envi będzie uruchomiony w przyszłym roku	0
6e42602c-6351-4b6c-8b5f-3cf7ca70d24b	pudelek	Dumna Anna Lewandowska prezentuje KOLEJNE TALENTY czteroletniej Klary: pływa i robi arbuzowe lody	1
745a439b-f258-460c-80f5-22cea00df67d	wikinews	Uchwała nr 99/XL Rady Naczelnej ZHP w sprawie wojny w Ukrainie i służby Związku Harcerstwa Polskiego	0
2939b160-eca6-4b77-abd0-297ee826e690	o2	Rachunki za ogrzewanie wyższe o 600 proc. Mieszkańcy zrozpaczeni	1
972120cf-118b-49ed-a561-cccb269865b8	wikinews	Berlin: wystąpi Narodowy Stary Teatr z Krakowa	0
d4bdc6ff-a7f4-4faf-bca8-9a483bcdae82	pudelek	Tajne wesele Koroniewskiej i Dowbora!	1
9c371027-a9c3-4ca5-be7b-5d9809248d88	pudelek	Weronika Rosati staje w obronie beżowych majtek Julii Wieniawy: "TO NIE SZAJS"	1
cbbb75c1-6bd1-4d9f-a116-356c505b21ae	wyborcza	Papież Franciszek i inni przywódcy religijni apelują o powstrzymanie zmian klimatu	0
27ec7381-b02d-4e76-ba7e-018faa838bcc	wyborcza	Pompeje znowu zadziwiają. Archeolodzy odkryli grobowiec z częściowo zmumifikowanym ciałem	1
9119ead0-5c0a-4d67-ad82-c4b64f8e1ce2	pudelek	Rolnik szuka żony. Siostra Marty pozdrawia oburzonych widzów: "Polacy nie mają pojęcia o modzie"	1
b505342b-5aa0-454c-8b5f-98f3be139150	pudelek	Najbardziej KOMPROMITUJĄCE wpadki gwiazd z Photoshopem: Małgorzata Rozenek, Katarzyna Skrzynecka, Natalia Siwiec (ZDJĘCIA)	1
aba74d84-4930-4a72-855c-b67fbd10c291	wp-wiadomosci	Mocne słowa prof. Simona. Mówi o rekomendacjach Rady Medycznej	1
d0200789-e2e1-4393-9580-4b98c71dcf15	wikinews	Izrael ostrzega: Iran wkrótce wyprodukuje bombę atomową	0
18e05e78-1268-471b-9795-0f5fe28503cc	space24	Wystrzelono kolejne zestawy Starlinków. Celem wyższa orbita	0
80c6869b-7625-4a57-bca2-733bdca72c79	wikinews	Od 16 kwietnia obowiązek zakrywania nosa i ust w przestrzeni publicznej	0
ca931855-96b0-4459-8412-d58993eebf10	naukawpolsce	Opracowano atlas zmian zachodzących w ludzkim mózgu	0
13e3249c-4ceb-42ac-92e8-87cd0e693f70	naukawpolsce	Wyrzut materii ze Słońca zmierza w stronę Ziemi; możliwa burza geomagnetyczna	0
515c9d6c-0bbf-4634-a826-cc9014b2599d	pudelek	Agnieszka Orzechowska o karierzę w polityce: "Jeśli Petru mnie nie weźmie, to mogę pójść z każdym"	1
803de67d-2527-4003-9a7d-a1c65589f48c	other	Ukochana Jeffa Bezosa nie odstępuje go na krok na czerwonym dywanie 	1
bf1dc977-50e3-4f42-9394-f6ece96f1560	wikinews	Zamknięte sklepy w Manchesterze z powodu zamieszek	0
5587ee6c-3efc-458d-b0fa-e6a0ad4cde3b	pudelek	Miszczak o programie Sablewskiej: "Trzeba mieć umiejętność dotyku, którą ma Maja!"	1
3f4a651b-248c-4db8-9c00-8c55d09f7453	wikinews	Lepper: zarządzam partią jednoosobowo	0
d18038df-fbfa-4be4-874e-e6b9768cab7e	wikinews	Nasz Dziennik: „Kapitulacja w Juracie”	0
120c1ad2-1a30-443f-a6ba-c29280966180	pudelek	Restauracja Magdy Gessler została usunięta z przewodnika Michelin!	1
ea0d17f6-b85a-43be-a9a1-8a44f0989329	wyborcza	WP: siedziba Prokuratury Krajowej kosztowała prawie 136 mln zł	0
5dde5753-ba1f-466d-80b4-2498ab96aab2	wyborcza	Białystok. Otwarto Muzeum Pamięci Sybiru. Upamiętnienie niezłomności i hartu ducha	0
5ffaab4a-391d-48c5-be45-0e70f06d20ef	wyborcza	Kto śledził Sasina na wakacjach. Służby badają maile z informacjami o wicepremierze	1
f497421a-9977-458d-b995-83221dc2f936	pudelek	Te gwiazdy nie zamierzają OCHRZCIĆ swoich dzieci: Małgorzata Rozenek, Zofia Zborowska, Magda Mołek... (ZDJĘCIA)	1
661f455e-6fa9-4610-9815-872130379263	wikinews	Niemcy: kompromis w sprawie podwyżek płac w budownictwie	0
b13e40ff-f501-41fb-87fd-83cbaffb17de	wikinews	Egipt: Aresztowano podejrzanych o zamach w Szarm el-Szejk	0
c5832bdc-5586-458e-a0b2-29121b3bd543	wyborcza	Lekarze z Anina przeszczepili serce polskiego dawcy uchodźczyni z Ukrainy	0
52b3406a-dfc4-4650-818e-8b4a69603825	strefaagro	Biała kiełbasa nie tylko na Wielkanoc! Czy spożywanie jej jest zdrowe? Sprawdź, co kryje się w jej składzie i jak wybrać najlepszą kiełbasę	1
5d244139-6241-4b56-b905-2083bdae8172	wikinews	Afryka: transakcje dotyczące gruntów muszą odbywać się na jasnych warunkach	0
e741cbe8-bb75-4916-98f4-de7a54f9706b	wyborcza	Koronawirus w niedzielę, 28 listopada. Oficjalnie 20,6 tys. nowych zakażeń, zmarło 51 osób	0
320821c4-f4ee-4bae-8049-fc9d674bf8b0	pudelek	Naciągnięta Tyra Banks straszy w sukience za prawie 8 tysięcy	1
818f8f61-1ac9-407d-b150-e7cf99f50464	tvpsport	Bayern trafił na giganta! Wielki hit w 1/8 finału Ligi Mistrzów	1
d83e9b88-ebe1-4dab-a0f6-70cf26671505	pudelek	Magda Gessler NIE WPUŚCI do swoich restauracji osób niezaszczepionych? "Tak jest w Austrii, Szwajcarii"	1
f655de52-52bd-415f-b620-c7627cd39f15	o2	Zdjęcia obiegły sieć. Chińczycy odkryli na Księżycu coś dziwnego.	1
42775c20-d265-48d5-a630-384b6014b8a0	pudelek	Pudzian na randce w KFC!	1
3ca5bb68-eb38-459d-b943-34f109eb8847	wikinews	Europejski Dzień Sprawiedliwych 2016 w Łodzi	0
60ed063f-478b-45df-a4a7-be465bbd2453	wikinews	W wieku 73 lat zmarła Violetta Villas	0
24eb3652-7770-4eb7-85e0-827c30e5913f	pudelek	Łysy Adam Levine pręży mięśnie po treningu w Miami 	1
5eefcf67-50c5-4e7f-aeb3-5bf5948bd586	other	Aleksandrów Łódzki. Podpalił samochody i dom. Chciał zabić rodzinę	0
f940dd26-e559-4ac3-9383-40c156710fd1	wikinews	Wystawa fotografii POTY w Przystanku Książka w Warszawie: zapowiedź	0
cd82858b-04bc-447e-86b4-0b0f37fcdab6	wp-wiadomosci	Burza po materiale "Wiadomości". Mocny komentarz Gowina	1
9dbe18f0-8340-4f7b-a324-3b6bfeffb420	o2	Milionerzy. To pytanie o strój zagięło uczestnika	1
653a5ee1-288f-468f-b345-acf211dc8311	wikinews	Palestyńczycy z Jerozolimy mogą wziąć udział w wyborach parlamentarnych w Autonomii	0
d83d14c8-32d6-4cc6-a553-af9f3639446e	tvpsport	Już dziś finał Pucharu Polski. O której i gdzie mecz o trofeum?	1
d1ade9f6-d91d-45e0-bcd7-bc1af3d7ddd6	space24	Lądownik, który ma zapewnić NASA powrót na Księżyc. Wybrano ofertę SpaceX	0
ce00aad9-a1f5-40ba-b094-99e6e1c77c84	wp-wiadomosci	Marek Belka o Morawieckim. Nie owijał w bawełnę	1
05f8a11a-3dbd-4bd7-9d06-08948668e317	tabletowo	Kompletna nowość w sklepie Google Play – sekcja Bezpieczeństwa danych	0
d17f6540-c74f-4d6e-9cfb-9bd79af24425	naukawpolsce	ABM: Rusza pierwszy konkurs w ramach Warsaw Health Innovation Hub	0
f2f4b13a-c76f-41a5-b231-e8618a6b4927	wikinews	Interwencja MON ws. tajnych archiwów WSI	0
ef184c60-54dd-4371-bb53-95db56a096fa	pudelek	Wiosenna Aneta Zając eksponuje odchudzoną sylwetkę. Obserwujący w szoku: "PETARDA"	1
4b3a8edd-5bb0-485f-828d-6eec19d9515e	o2	Sąsiadka z piekła rodem. Pan Krzysztof skończył u psychiatry	1
4be13f25-0d2b-4fcf-a1c3-962b6e60d994	pudelek	Travis Scott kupił Stormi pod choinkę BAJKOWĄ KAROCĘ 	1
5712d67a-0e9d-4a54-8841-4fbbf66ec173	wikinews	NATO: początek dwudniowego 21. szczytu w Strasburgu i Kehl	0
3756a258-62c3-4a2f-80f1-5f9d41bc73c3	wikinews	Demis Roussos nie żyje	0
0cef7ffa-e572-4942-9e96-3309bc6009fb	wyborcza	Kolarstwo: Czy Jan Ullrich dożywotnio straci licencję?	1
586b9cf1-0952-47c4-b866-bdbf8d26cf8f	pudelek	Piróg zakończy karierę?	1
09ccd929-c52b-4aba-a89e-4732aaecb0b7	pudelek	Super Express: Głogowska i Gąsowski byli klientami dilera celebrytów! "Częstszy kontakt z dilerem miała Głogowska"	1
f5fbff49-7e76-4eb1-b69e-f79a164a35d9	wikinews	X.Org Foundation przyznano status 501(c)3	0
d621cb1d-eed3-4ada-8647-69f63aaf62c2	pudelek	Ewa Farna pozdrawia ze studia nagraniowego i prezentuje płaski brzuch 	1
32425df8-3238-4492-b347-50a1ce69878f	wyborcza	Kujawsko-pomorskie: odwołano ponad 30 pociągów Polregio. Konwent marszałków rozwiąże problem?	1
7e25614d-3944-4dd7-8057-4235ee65ce68	wyborcza	Jeden z najbardziej monumentalnych budynków w Łodzi stoi pusty. Co dalej z gmachem PKO BP?	1
bffaa3f2-592d-40b8-aa89-4ea39b5f2875	wikinews	Kurt Waldheim nie żyje	0
ea86b36e-5bd7-4cb0-8dd3-e4e30fe97a38	wyborcza	Sąd: Kurator oświaty Barbara Nowak ma przeprosić Związek Nauczycielstwa Polskiego	0
341c36e7-af3a-4b72-8faf-2a306b246ce3	pudelek	Siwiec chwali się kolejnym wózkiem od sponsora. Za "jedyne" 5 TYSIĘCY złotych	1
a14e8b18-1a7a-4c2c-9720-fdfd2625953b	o2	Chorują na COVID-19. Koronawirus dodatkowo mutuje w ich organizmie	1
7587e17e-fc84-4bb3-8ffc-4d783f29cdaf	space24	Starship SN15 dopełnił dzieła. Udane lądowanie poprawionego prototypu	0
0b48763e-0c43-45a8-83a7-9020b6f27ad8	wikinews	Bogdan Pęk przed komisją śledczą	0
0724a002-905d-4d65-b352-5aa09e756da4	pudelek	Julia Wróblewska "dziękuje" za rady leczenia depresji różańcem: "RELIGIA TO NIE LEKARSTWO"	1
bf5d7947-c945-45a2-abf9-c1af1e82a3d9	pudelek	Mama męża Figury wyznaje: "KAI JEST NIEBEZPIECZNYM PSYCHOPATĄ. Mi też groził śmiercią!"	1
c1d16ac9-2dcd-4872-9219-d965eb44b65e	space24	Satelity SAR wsparciem dla podwodnej archeologii antarktycznej	0
4f54edb2-f2c8-4487-8a28-85156ff38a34	pudelek	Joanna Horodyńska na wybiegu	1
9c068615-94b3-46fd-bdd6-251105ce8b8f	wikinews	Sea Launch zdobył czwarty kontrakt	0
0baf781a-3c37-4c12-89db-9dadd5b26266	wyborcza	Mamo, wrócę z kwiatami. Białoruski artysta uciekł do Łodzi i tworzy mocne antyrosyjskie grafiki	0
40a23368-e6e7-46f2-a35c-349137af5a86	pudelek	Wielkoduszny Krzysztof Krawczyk zapewnia: "Wysyłam 600 złotych miesięcznie swojemu synowi"	1
ee8fd92a-1279-4a50-a442-ebd18e32fdb5	wikinews	Trzęsienie ziemi w Azji o sile 6.3 w Skali Richtera	0
39249ba3-eead-4999-abf3-55f03f58a6f7	o2	Zobaczył 20 zł przyklejone do drzwi. Szybka reakcja sąsiada	1
1fa2e637-f661-4962-8a06-562c6f43d1bc	other	Jechała autem i złamała przepisy. Lewandowska przyłapana	1
63ca455c-c9b1-4d29-b698-7aa4ef533dc6	wikinews	Krzyż Wielki Orderu Odrodzenia Polski dla ojca Macieja Zięby	0
e1a4e6ea-b027-4f50-82cc-3500d812aecf	pudelek	Miley, obcisłe body i WIELKIE FUTRO	1
8a003cff-e6f0-44c1-b73e-ab8a826ff41f	pudelek	Anna Lewandowska i Zofia Ślotała z przyrośniętym do twarzy smartfonem bawią się na meczu z San Marino. Widziała w ogóle płytę boiska? (ZDJĘCIA)	1
2d3dc320-8b02-4f2d-a8b1-0a907b949498	pudelek	Tak dziś wygląda ODMIENIONA Tola Szlagowska z Blog 27! Powraca z nowym teledyskiem (FOTO)	1
017ab707-4840-43d5-8c1a-d9a95794442d	wikinews	Łódź: mogą rozpocząć się prace przy nowym Dworcu Fabrycznym	0
eb9524e4-be9d-4f28-b076-4971e705dde7	wikinews	Sejm odrzucił projekt ustawy o zmianie ustawy o podatku dochodowym od osób fizycznych	0
0834c1c1-7c13-40fb-a5e3-e0946891bd56	pudelek	Stylowa Katarzyna Sokołowska paraduje po czerwonym dywanie w kozakach WŁASNEGO PROJEKTU	1
46ed064f-892b-46cf-8dd9-b98d77efddc9	wyborcza	Urzędniczka sanepidu stanie przed sądem. Brała łapówki za pozytywne opinie	0
9a7e39c1-9b26-4548-86f8-0e7e2d9ec088	pudelek	Doda i Emil przekładają ślub. "Nie mają teraz pieniędzy"	1
05b02157-c18a-4f43-a173-f69a32a357b8	wyborcza	Prokuratura wszczęła śledztwo w sprawie gróźb kierowanych wobec prezydenta Bogdana Wenty	0
f5b83fc7-cb9b-4c2c-8db5-1f1a1807bd5b	wyborcza	Kto ma szansę na karierę za "dobrej zmiany". Awans sędziego za podpis?	1
45f152a1-4c9d-4533-8602-a12ece9db731	wikinews	Japonia w stanie najwyższej gotowości po ostrzale wyspy Yeonpyeong przez KRL-D	0
ba141bda-63cf-4142-8053-8c625682c201	space24	Las Vegas chce budować podziemne tunele Elona Muska	0
b8227a57-a821-4c65-8a28-5a3bf72dba08	tabletowo	Ważna bariera przekroczona. Elektryczny Mercedes przejechał ponad 1000 km	0
3cab1b46-7bca-49ae-9afe-0fff2ff65888	pudelek	Sykut: "Polacy kochają disco polo i Zenka Martyniuka"	1
8dc7fdad-0427-4429-b5ef-6829ab81b43d	wikinews	118. rocznica śmierci pisarza i dramaturga Ignacego Maciejowskiego	0
0225561a-da7e-4bf4-886e-92e9bf171655	pudelek	Elegancka Iza w sądzie: Okulary, garsonka, szpilki ze złotym zamkiem...	1
704ecf80-ec49-4aa9-91ce-07f8105e7860	o2	Zaskakujące nagranie z Mejzą trafiło na YouTube. Jest z 2018 roku	1
c99bb7e1-7f7c-475e-8eeb-aedb1c2ee478	pudelek	Michele Morrone tłumaczy się z SEKSOWNEGO ZDJĘCIA z Simone Susinną	1
510107a9-c573-4647-8a8c-39938d0a8215	wikinews	PiS zgadza się na wcześniejsze wybory	0
61fa2947-50f0-47c8-8144-9afead0b3626	niebezpiecznik	Są propozycje regulacji przeciwko wyłudzeniom kart SIM	0
2c23759a-b731-433e-bd8e-565a314c33e0	pudelek	Dziennikarze WP pytają Błaszczaka o "córkę leśniczego": "Do takich mediów nie zamierzam się wypowiadać!"	1
e16c984d-d677-4b0d-ac6f-32f61cc9d1aa	pudelek	Skrzynecka jest w ciąży?	1
0300beef-b12d-4a58-9618-eb062685ce89	o2	Najczęstsi patroni polskich ulic. Wiesz kim byli?	1
62945d2f-fde9-4717-9e64-76e3fe82908c	pudelek	Włodarczyk z białą twarzą w czarnej sukni	1
389170dc-c290-489c-a5dd-c32a37803ec8	o2	Szydło wkurzona nie na żarty. Wygarnęła wszystko publicznie. Jest nagranie	1
c6087289-0b6b-4b58-b242-16f0005ac308	pudelek	Macademian Girl "w stylu lat 20-tych"!	1
a986e95e-adc6-4204-a814-b69d9bf66b2b	pudelek	Gosia Andrzejewicz zwiodła wszystkich w Opolu	1
13920758-2074-4195-9177-0ef4a84c22e7	pudelek	Rolnik szuka żony. Zbliża się wielki finał! Józef jednak został sam?	1
3f24b0aa-9053-47c0-ba7a-088b771776bc	wyborcza	Razem z prezesem PiS w regionie śpiewała pieśni maryjne pod kapliczkami. Została wiceszefową ważnej spółki	1
996f5d26-595f-44a9-adec-5275a22f9943	pudelek	Doda chce zostać matką!	1
931492e0-afd3-4d46-9768-159f9048fe9c	pudelek	Cejrowski o kierowcy Szydło: "Jego obowiązkiem było STARANOWAĆ POJAZD, KTÓRY PCHA SIĘ NA PREMIERA!"	1
ba0c1ac8-2f46-4720-9293-4d65cc6ffc81	tvpsport	ATP w Madrycie: finał turnieju debla nie dla Hurkacza	0
c37a0619-218e-40fb-b2f0-43b728743afe	wikinews	MŚ w kolarstwie szosowym w 2010 roku w Melbourne	0
a13c8fe4-113e-41f0-8d58-447c1421c016	wpwiadomosci	Nieznane oblicze wojny. Rosjanie okradają swoich rannych i zabitych	0
377bfd95-a26f-4807-83eb-d4cf8262ef7a	wikinews	Zderzenie kolejki Maltanki z samochodem w Poznaniu	0
a96a1566-537d-49b4-8d21-daf68a70518d	o2	Skandaliczne zachowanie fotografa w Pieninach. Widać je na zdjęciu	1
f985b534-5757-4b4a-ab0f-704f585dcaf4	pudelek	Żona Johnny'ego Deppa popłakała się po wyjściu z sądu!	1
1e4ced71-8c2d-44be-ab86-d6ee1364478b	wikinews	Somalia: grecki frachtowiec kolejnym łupem piratów	0
4400bc61-36fd-4a4b-b508-13a580f3973f	wikinews	Dziwidło olbrzymie kwitnie w Ogrodzie Botanicznym Uniwersytetu Warszawskiego	0
2c302791-2ca9-4a22-b1b9-ac847efd8efd	wp-wiadomosci	USA. Burza tropikalna Henry dotarła do wybrzeża. Setki tysięcy ludzi bez prądu	0
363d23d5-d949-4368-8bd2-4e11a07095f1	o2	Sceny grozy. Wściekły słoń zaatakował turystów na safari	1
83312566-fa39-49a8-bd86-dcf41ed0668c	wikinews	Polsat 24 będzie nowym kanałem informacyjnym	0
72f4f355-dda5-4ab5-9c3f-4560010c7be8	wikinews	Budapeszt: odbyła się 2. Gala Polonijna	0
458f6d01-4034-4b27-b187-daba38ec9400	o2	Lekarz doprowadził ją do ruiny. Poznali się w internecie	1
04f49360-9545-499f-bca2-bf446a8b34d3	naukawpolsce	Polscy badacze zidentyfikowali sinice, które potrafią przetrwać stężenia nadchloranów wyższe niż na Marsie	0
63a94cf9-075c-48e1-af74-618ec765cd76	wikinews	Porozumienie o budowie gazociągu wzdłuż Morza Kaspijskiego podpisane	0
8c021d9b-3f39-4a05-a73d-ccb0b9d41c0a	pudelek	CIĄŻOWY brzuszek Zosi Ślotały…	1
f2e23bff-4601-47b5-a986-eafef6292c2c	wikinews	Spłonął zabytkowy kościół św. Doroty w Łodzi	0
9c48c1f3-5a77-4f7e-aa5d-7a4133554aee	niebezpiecznik	Dziura w systemie e-TOLL: można było pobrać dane użytkowników	0
40a714b0-7bcc-48ec-8a83-7386762a7d4f	wikinews	Kwaśniewski: Miller kandydatem LiD w wyborach do PE	0
b50a483e-4393-442b-b3c7-b24994afdc60	o2	Obostrzenia dla niezaszczepionych? Nowy lockdown? Oto co myślą Polacy	1
9c909335-d863-47b7-b3ec-90530b7bf991	pudelek	Izabella Łukomska-Pyżalska pręży wyćwiczone ciało w kolorowym kostiumie: "FIT MOM" 	1
1fcc8ecd-4eee-4ae0-9227-0a47fe17e614	wikinews	Zmarł Jan Kułaj	0
708d9978-1f2c-4e49-87c6-63fb33acada8	wyborcza	Maria Peszek j... to wszystko i dzieli się nowym teledyskiem. "Love, sex... All inclusive"	1
9ffe66ee-117e-436b-b853-55c9e7c33552	wikinews	Czarnogórski parlament proklamował niepodległość	0
99ff25da-e6bb-42e2-bc7a-9c8d179f822b	wp-wiadomosci	Ojciec prezydenta o homoseksualizmie. Reakcja Joanny Muchy	1
8787ed9d-ff79-40d4-a9e4-8b2aa5b9961c	wikinews	Barracuda Networks: coraz więcej spamu	0
4fd53996-7096-4ac0-b0b7-b0fff205e6d0	pudelek	Meghan Markle i książę Harry opuszczają ulubione SPA celebrytów w Beverly Hills	1
0f3c0ddc-04bb-4b5e-995e-dafcc40353e2	wikinews	GP Chin: Kubica nie dojechał, Raikkonen triumfuje	0
c95eda20-ead0-4edb-b22a-64045549d353	wyborcza	Przestępca poszukiwany w całej Europie wpadł w piekarni. Bo nie miał maseczki	1
4361c7b5-418e-4383-bc8e-37983ac73502	pudelek	Włoskie wakacje Sylwii Bomby z "Gogglebox": kąpiele słoneczne w bikini, relaks na plaży i zwiedzanie z córką 	1
6f546eb0-c8be-40e6-9746-60d4e49fcb06	wikinews	Islamiści dokonali zamachów na kościoły katolickie w Nigerii	0
bfeba8e6-ecf4-4574-a3d5-8240fb657f34	pudelek	Odżywia się kaszką dla niemowląt!	1
351706b2-3af0-4fe2-b803-44011902d2bf	wpwiadomosci	Klub Szatana po lekcjach. Matka ucznia wywołała wielki skandal	1
8792fec1-f229-4a92-b1d8-f4a774d33d9c	pudelek	Eurowizja 2021. Internauci oceniają debiut Aleksandra Sikory i Marka Sierockiego: "Nie było osobistego komentarza. JAK ZE SKRYPTU"	1
661b6e73-f4bf-4ed6-8e36-84f8a4275060	wyborcza	Stocznia Gryfia ma 23,6 mln zł straty, ale TVP Szczecin radośnie ogłasza: "Stocznia na plusie"	0
861b8f70-bbc0-4dfd-b1db-7b51c7029fbc	pudelek	Arciuch, Warnke, Lis, Rosati i Cegielska na imprezie lokówek	1
1b70453a-58cf-4873-a5f9-4c9a238ca9d3	naukawpolsce	Polscy naukowcy zbadali poziom nowości biologicznej lasów na hałdach pogórniczych	0
87036528-b2e0-40aa-8ddb-2699eb81a066	wikinews	Becikowe - karta przetargowa LPR	0
11385379-b51d-43a2-beaf-b15c37cac501	wikinews	Azerbejdżan: szczyt energetyczny w Baku	0
28c94dbc-1296-4f66-b6dd-fee125c7b567	wikinews	Chełm: Trotyl w plecaku	0
cd6204f6-5871-4489-a023-c09973017df6	space24	Misja Chang'e 5 dotarła na Księżyc	0
0a9d3985-2420-46df-ab91-3ef5e92ff82c	pudelek	Wałęsa ZGOLIŁ WĄSY! "Chcę się równo opalić w Dubaju!"	1
a04addbe-62c4-44be-8447-6b6624970f6f	tabletowo	Android traci udziały na globalnym rynku. Zyskuje natomiast iOS	0
168e3b00-178a-4cee-b3d8-3cc692e9c0af	naukawpolsce	Uniwersytet Wrocławski zamroził współpracę z rosyjskimi uczelniami i instytucjami naukowymi	0
4f9da3e2-9f5a-40d6-8704-7dbb718e3cb3	o2	Przerażająca wizja jasnowidza. Mówi o wydarzeniach w 2022 roku	1
20ec32be-6a8f-4887-a9f1-d3144c616816	wikinews	Program WorldWide za darmo dla użytkowników Windows	0
0dc8654b-5444-4845-8bec-2e7c4a4891f3	pudelek	Magda Gessler do Edyty Górniak: "FAŁSZUJESZ KOLEŻANKO". Edyta odpowiada...	1
88592d96-31f2-4ee7-ac82-17b88975210b	wikinews	Boni do twórców: kreatywność i kultura w nowym świecie	0
5728dd5e-a39f-4b82-8fea-bc1e8c705d01	pudelek	Małgorzata Rozenek w perfekcyjnej stylizacji odkurza CZYSTĄ PODŁOGĘ. Inspirujące? 	1
0d89dd27-1240-427e-8b95-b63417b1dac7	wyborcza	Pielęgniarki przestały głodować	1
009edfb1-b89c-43b3-b648-c258104bdb37	o2	Podrasowane wielbłądy w Arabii Saudyjskiej. Weterynarzom opadły szczęki	1
18434508-22a6-4682-b5b7-50e4af4c53d8	pudelek	Blanka Lipińska ocenia swoją figurę sprzed lat: "Było się kiedyś CHUDYM"	1
ed388606-64b7-40f9-b8dc-f46bcac3924d	wyborcza	USA. Epidemiolodzy: wariant delta zakaźliwy jak ospa wietrzna	0
3b1e47c0-35b4-42f4-8797-d1ec9bb29068	tabletowo	Ten procesor Qualcomma może trafić do naprawdę wielu smartfonów ze średniej półki	1
5e3b3507-5fce-41ed-8c9a-eaae80f89b3d	o2	Chcieli tylko przeparkować auto. Jedna osoba nie żyje	1
0e2d5375-94eb-494b-b8f1-9dfdbd0c6df8	wikinews	Prezydent RP odznaczył kardynała Mariana Jaworskiego	0
d1aa9eda-194c-4a9b-946e-ee626f5387f9	o2	Prezydentowi Wrocławia puściły hamulce. W sieci oburzenie. "To jest groźba"	1
65e501c6-e05e-47c3-a30e-dc82fd8360d7	wyborcza	Drugi wyrok dla Józefa Piniora. Więzienie bez zawieszenia za oświadczenia majątkowe	0
c1b9a264-a7a7-44ef-bbe7-0460ed5ad90f	space24	Jeff Bezos zaprezenował księżycowy lądownik Blue Moon	0
ff5a696f-b309-4bf9-ab44-42ee9cf3faeb	wikinews	Włocławek: Mężczyzna śmiertelnie potrącił kobietę	0
eade9e5f-6200-4793-a3d7-f14c83818724	wyborcza	Śmiertelny wypadek motocyklisty na obwodnicy Trójmiasta w Gdańsku	0
5236dd9e-f45b-4986-857e-43926a95b0a4	pudelek	Seniorka Julia Kamińska grzmi z okładki Vivy: "Mam 34 lata i czuję się sexy!". Prawdziwa bohaterka?	1
0e341383-744b-4d8f-a61c-95fc28db6988	other	Dramat na rajdzie Mikołajów w Gdyni. Motocyklista wjechał w tłum	0
ba06ddd1-00d5-495c-9e23-c99f44eb6330	pudelek	Dzieci show biznesu: "Leon Myszkowski świetnie sobie radzi"	1
aafb1a0b-e1e8-4443-a0de-5058e739e1dc	wyborcza	Szantaż czy spisek w Mlekovicie? W tle grube miliony, a także adwokat Ziobry i Obajtka	1
cbfe5b71-0fcc-4377-b8c6-86befbe6682c	wp-wiadomosci	Płaca minimalna w 2022 roku. Rząd podjął decyzję	1
0b737987-fdcf-448e-9765-7443d1c9b391	space24	Trwa konkurs na nazwy egzoplanet. Ponad 1000 zgłoszeń w polskiej edycji	0
89e0eb31-2b23-4743-b555-ad2381c015c1	other	Policja użyła gazu pieprzowego. Wszystko przez brak maseczki	0
e669f790-b68a-435e-b36f-e41903256866	wikinews	Ruda Śląska: napad na konwój z pieniędzmi	0
56004fb2-627b-4e77-adb1-6aef512e5d0b	tabletowo	Revolut chce dawać kredyty hipoteczne	0
83fb5491-9364-4d21-839e-b8f96c2638d9	niebezpiecznik	Policjanci odtwarzają muzykę, aby zablokować streamowanie ich interwencji w internecie	0
fa400b82-a5b6-4da2-9c54-8b19f12d2e3b	pudelek	Maffashion starała się o rolę Julii Wieniawy w horrorze "Wszyscy moi przyjaciele nie żyją"! "NIE PRZYJĘLI MNIE"	1
833ad2fd-c69f-4ee9-ad13-189d94bfb8cb	o2	Niepokojący widok w Zakopanem. Nie wiadomo, co to jest	1
47dda495-1a01-404d-9ccc-8951547226b0	tabletowo	Wygraj Xbox Series S z motywem Gwiezdnych Wojen!	1
a16529ec-f715-4e5d-8687-f15b3dab9091	wyborcza	Nie żyje pierwszy wicewojewoda Małopolski. Józef Leśniak miał 54 lata	0
f5861d6e-f242-41f6-8d0c-bd983b3e82fa	space24	Wyjątkowy zapis wideo z lądowania misji NASA Perseverance.	1
f974a304-2e22-4529-90df-560c8595a61e	strefaagro	Tyle dostaniesz za pracę w rolnictwie i ogrodnictwie. Kogo szukają gospodarstwa?	1
41e49b2a-54d9-4f8c-97a2-77c3f3c7e946	wikinews	EtnoPraga: Transylwania	0
fae98d83-13c8-4bd5-8887-93165e609986	wikinews	Może powstać "polskie Hollywood"	0
9f612956-5084-4273-924c-b2a7e73e884a	wikinews	LiS zbiera „haki” na PO	0
01b433b6-0129-4aa0-85d8-92150d8f6216	wp-wiadomosci	Badanie dla WP. Minister Czarnek oceniony. Miażdżący wynik	1
cad4dc7b-3281-406b-9538-630b73ee12ed	space24	Ślad obecności nieznanej egzoplanety w najbliższym sąsiedztwie Układu Słonecznego	0
f53e65b6-d4db-434e-9cc3-3a8598f6c286	wikinews	Egzamin Gimnazjalny 2007	0
